FUNDS_STI,TARGET_STI,AFRentCoverageRatio,AFRentMaxCollectionRate,atom_stis,fundGap,desiredCollection,floorSti,capacities,totalCapacity,maxCollectible,collectionBudget,atom_rents,ending_atom_stis,ending_FUNDS_STI
500.0,1000.0,0.5,0.1,20 100 200,500.0,250.0,20.0,0 80 180,260.0,26.0,26.0,0 8 18,20 92 182,526.0
500.0,1000.0,0.5,0.1,20 20 100,500.0,250.0,20.0,0 0 80,80.0,8.0,8.0,0 0 8,20 20 92,508.0
500.0,1000.0,0.5,0.1,80 100 200,500.0,250.0,80.0,0 20 120,140.0,14.0,14.0,0 2 12,80 98 188,514.0
500.0,1000.0,0.5,0.1,20 20 20,500.0,250.0,20.0,0 0 0,0.0,0.0,0.0,0 0 0,20 20 20,500.0
500.0,1000.0,0.5,0.25,20 100 200,500.0,250.0,20.0,0 80 180,260.0,65.0,65.0,0 20 45,20 80 155,565.0
500.0,1000.0,0.5,0.25,20 20 100,500.0,250.0,20.0,0 0 80,80.0,20.0,20.0,0 0 20,20 20 80,520.0
500.0,1000.0,0.5,0.25,80 100 200,500.0,250.0,80.0,0 20 120,140.0,35.0,35.0,0 5 30,80 95 170,535.0
500.0,1000.0,0.5,0.25,20 20 20,500.0,250.0,20.0,0 0 0,0.0,0.0,0.0,0 0 0,20 20 20,500.0
500.0,1000.0,0.5,0.5,20 100 200,500.0,250.0,20.0,0 80 180,260.0,130.0,130.0,0 40 90,20 60 110,630.0
500.0,1000.0,0.5,0.5,20 20 100,500.0,250.0,20.0,0 0 80,80.0,40.0,40.0,0 0 40,20 20 60,540.0
500.0,1000.0,0.5,0.5,80 100 200,500.0,250.0,80.0,0 20 120,140.0,70.0,70.0,0 10 60,80 90 140,570.0
500.0,1000.0,0.5,0.5,20 20 20,500.0,250.0,20.0,0 0 0,0.0,0.0,0.0,0 0 0,20 20 20,500.0
500.0,1000.0,0.5,1.0,20 100 200,500.0,250.0,20.0,0 80 180,260.0,260.0,250.0,0 76.9231 173.077,20 23.0769 26.9231,750.0
500.0,1000.0,0.5,1.0,20 20 100,500.0,250.0,20.0,0 0 80,80.0,80.0,80.0,0 0 80,20 20 20,580.0
500.0,1000.0,0.5,1.0,80 100 200,500.0,250.0,80.0,0 20 120,140.0,140.0,140.0,0 20 120,80 80 80,640.0
500.0,1000.0,0.5,1.0,20 20 20,500.0,250.0,20.0,0 0 0,0.0,0.0,0.0,0 0 0,20 20 20,500.0
500.0,1000.0,1.0,0.1,20 100 200,500.0,500.0,20.0,0 80 180,260.0,26.0,26.0,0 8 18,20 92 182,526.0
500.0,1000.0,1.0,0.1,20 20 100,500.0,500.0,20.0,0 0 80,80.0,8.0,8.0,0 0 8,20 20 92,508.0
500.0,1000.0,1.0,0.1,80 100 200,500.0,500.0,80.0,0 20 120,140.0,14.0,14.0,0 2 12,80 98 188,514.0
500.0,1000.0,1.0,0.1,20 20 20,500.0,500.0,20.0,0 0 0,0.0,0.0,0.0,0 0 0,20 20 20,500.0
500.0,1000.0,1.0,0.25,20 100 200,500.0,500.0,20.0,0 80 180,260.0,65.0,65.0,0 20 45,20 80 155,565.0
500.0,1000.0,1.0,0.25,20 20 100,500.0,500.0,20.0,0 0 80,80.0,20.0,20.0,0 0 20,20 20 80,520.0
500.0,1000.0,1.0,0.25,80 100 200,500.0,500.0,80.0,0 20 120,140.0,35.0,35.0,0 5 30,80 95 170,535.0
500.0,1000.0,1.0,0.25,20 20 20,500.0,500.0,20.0,0 0 0,0.0,0.0,0.0,0 0 0,20 20 20,500.0
500.0,1000.0,1.0,0.5,20 100 200,500.0,500.0,20.0,0 80 180,260.0,130.0,130.0,0 40 90,20 60 110,630.0
500.0,1000.0,1.0,0.5,20 20 100,500.0,500.0,20.0,0 0 80,80.0,40.0,40.0,0 0 40,20 20 60,540.0
500.0,1000.0,1.0,0.5,80 100 200,500.0,500.0,80.0,0 20 120,140.0,70.0,70.0,0 10 60,80 90 140,570.0
500.0,1000.0,1.0,0.5,20 20 20,500.0,500.0,20.0,0 0 0,0.0,0.0,0.0,0 0 0,20 20 20,500.0
500.0,1000.0,1.0,1.0,20 100 200,500.0,500.0,20.0,0 80 180,260.0,260.0,260.0,0 80 180,20 20 20,760.0
500.0,1000.0,1.0,1.0,20 20 100,500.0,500.0,20.0,0 0 80,80.0,80.0,80.0,0 0 80,20 20 20,580.0
500.0,1000.0,1.0,1.0,80 100 200,500.0,500.0,80.0,0 20 120,140.0,140.0,140.0,0 20 120,80 80 80,640.0
500.0,1000.0,1.0,1.0,20 20 20,500.0,500.0,20.0,0 0 0,0.0,0.0,0.0,0 0 0,20 20 20,500.0
500.0,1000.0,1.2,0.1,20 100 200,500.0,600.0,20.0,0 80 180,260.0,26.0,26.0,0 8 18,20 92 182,526.0
500.0,1000.0,1.2,0.1,20 20 100,500.0,600.0,20.0,0 0 80,80.0,8.0,8.0,0 0 8,20 20 92,508.0
500.0,1000.0,1.2,0.1,80 100 200,500.0,600.0,80.0,0 20 120,140.0,14.0,14.0,0 2 12,80 98 188,514.0
500.0,1000.0,1.2,0.1,20 20 20,500.0,600.0,20.0,0 0 0,0.0,0.0,0.0,0 0 0,20 20 20,500.0
500.0,1000.0,1.2,0.25,20 100 200,500.0,600.0,20.0,0 80 180,260.0,65.0,65.0,0 20 45,20 80 155,565.0
500.0,1000.0,1.2,0.25,20 20 100,500.0,600.0,20.0,0 0 80,80.0,20.0,20.0,0 0 20,20 20 80,520.0
500.0,1000.0,1.2,0.25,80 100 200,500.0,600.0,80.0,0 20 120,140.0,35.0,35.0,0 5 30,80 95 170,535.0
500.0,1000.0,1.2,0.25,20 20 20,500.0,600.0,20.0,0 0 0,0.0,0.0,0.0,0 0 0,20 20 20,500.0
500.0,1000.0,1.2,0.5,20 100 200,500.0,600.0,20.0,0 80 180,260.0,130.0,130.0,0 40 90,20 60 110,630.0
500.0,1000.0,1.2,0.5,20 20 100,500.0,600.0,20.0,0 0 80,80.0,40.0,40.0,0 0 40,20 20 60,540.0
500.0,1000.0,1.2,0.5,80 100 200,500.0,600.0,80.0,0 20 120,140.0,70.0,70.0,0 10 60,80 90 140,570.0
500.0,1000.0,1.2,0.5,20 20 20,500.0,600.0,20.0,0 0 0,0.0,0.0,0.0,0 0 0,20 20 20,500.0
500.0,1000.0,1.2,1.0,20 100 200,500.0,600.0,20.0,0 80 180,260.0,260.0,260.0,0 80 180,20 20 20,760.0
500.0,1000.0,1.2,1.0,20 20 100,500.0,600.0,20.0,0 0 80,80.0,80.0,80.0,0 0 80,20 20 20,580.0
500.0,1000.0,1.2,1.0,80 100 200,500.0,600.0,80.0,0 20 120,140.0,140.0,140.0,0 20 120,80 80 80,640.0
500.0,1000.0,1.2,1.0,20 20 20,500.0,600.0,20.0,0 0 0,0.0,0.0,0.0,0 0 0,20 20 20,500.0
750.0,1000.0,0.5,0.1,20 100 200,250.0,125.0,20.0,0 80 180,260.0,26.0,26.0,0 8 18,20 92 182,776.0
750.0,1000.0,0.5,0.1,20 20 100,250.0,125.0,20.0,0 0 80,80.0,8.0,8.0,0 0 8,20 20 92,758.0
750.0,1000.0,0.5,0.1,80 100 200,250.0,125.0,80.0,0 20 120,140.0,14.0,14.0,0 2 12,80 98 188,764.0
750.0,1000.0,0.5,0.1,20 20 20,250.0,125.0,20.0,0 0 0,0.0,0.0,0.0,0 0 0,20 20 20,750.0
750.0,1000.0,0.5,0.25,20 100 200,250.0,125.0,20.0,0 80 180,260.0,65.0,65.0,0 20 45,20 80 155,815.0
750.0,1000.0,0.5,0.25,20 20 100,250.0,125.0,20.0,0 0 80,80.0,20.0,20.0,0 0 20,20 20 80,770.0
750.0,1000.0,0.5,0.25,80 100 200,250.0,125.0,80.0,0 20 120,140.0,35.0,35.0,0 5 30,80 95 170,785.0
750.0,1000.0,0.5,0.25,20 20 20,250.0,125.0,20.0,0 0 0,0.0,0.0,0.0,0 0 0,20 20 20,750.0
750.0,1000.0,0.5,0.5,20 100 200,250.0,125.0,20.0,0 80 180,260.0,130.0,125.0,0 38.4615 86.5385,20 61.5385 113.462,875.0
750.0,1000.0,0.5,0.5,20 20 100,250.0,125.0,20.0,0 0 80,80.0,40.0,40.0,0 0 40,20 20 60,790.0
750.0,1000.0,0.5,0.5,80 100 200,250.0,125.0,80.0,0 20 120,140.0,70.0,70.0,0 10 60,80 90 140,820.0
750.0,1000.0,0.5,0.5,20 20 20,250.0,125.0,20.0,0 0 0,0.0,0.0,0.0,0 0 0,20 20 20,750.0
750.0,1000.0,0.5,1.0,20 100 200,250.0,125.0,20.0,0 80 180,260.0,260.0,125.0,0 38.4615 86.5385,20 61.5385 113.462,875.0
750.0,1000.0,0.5,1.0,20 20 100,250.0,125.0,20.0,0 0 80,80.0,80.0,80.0,0 0 80,20 20 20,830.0
750.0,1000.0,0.5,1.0,80 100 200,250.0,125.0,80.0,0 20 120,140.0,140.0,125.0,0 17.8571 107.143,80 82.1429 92.8571,875.0
750.0,1000.0,0.5,1.0,20 20 20,250.0,125.0,20.0,0 0 0,0.0,0.0,0.0,0 0 0,20 20 20,750.0
750.0,1000.0,1.0,0.1,20 100 200,250.0,250.0,20.0,0 80 180,260.0,26.0,26.0,0 8 18,20 92 182,776.0
750.0,1000.0,1.0,0.1,20 20 100,250.0,250.0,20.0,0 0 80,80.0,8.0,8.0,0 0 8,20 20 92,758.0
750.0,1000.0,1.0,0.1,80 100 200,250.0,250.0,80.0,0 20 120,140.0,14.0,14.0,0 2 12,80 98 188,764.0
750.0,1000.0,1.0,0.1,20 20 20,250.0,250.0,20.0,0 0 0,0.0,0.0,0.0,0 0 0,20 20 20,750.0
750.0,1000.0,1.0,0.25,20 100 200,250.0,250.0,20.0,0 80 180,260.0,65.0,65.0,0 20 45,20 80 155,815.0
750.0,1000.0,1.0,0.25,20 20 100,250.0,250.0,20.0,0 0 80,80.0,20.0,20.0,0 0 20,20 20 80,770.0
750.0,1000.0,1.0,0.25,80 100 200,250.0,250.0,80.0,0 20 120,140.0,35.0,35.0,0 5 30,80 95 170,785.0
750.0,1000.0,1.0,0.25,20 20 20,250.0,250.0,20.0,0 0 0,0.0,0.0,0.0,0 0 0,20 20 20,750.0
750.0,1000.0,1.0,0.5,20 100 200,250.0,250.0,20.0,0 80 180,260.0,130.0,130.0,0 40 90,20 60 110,880.0
750.0,1000.0,1.0,0.5,20 20 100,250.0,250.0,20.0,0 0 80,80.0,40.0,40.0,0 0 40,20 20 60,790.0
750.0,1000.0,1.0,0.5,80 100 200,250.0,250.0,80.0,0 20 120,140.0,70.0,70.0,0 10 60,80 90 140,820.0
750.0,1000.0,1.0,0.5,20 20 20,250.0,250.0,20.0,0 0 0,0.0,0.0,0.0,0 0 0,20 20 20,750.0
750.0,1000.0,1.0,1.0,20 100 200,250.0,250.0,20.0,0 80 180,260.0,260.0,250.0,0 76.9231 173.077,20 23.0769 26.9231,1000.0
750.0,1000.0,1.0,1.0,20 20 100,250.0,250.0,20.0,0 0 80,80.0,80.0,80.0,0 0 80,20 20 20,830.0
750.0,1000.0,1.0,1.0,80 100 200,250.0,250.0,80.0,0 20 120,140.0,140.0,140.0,0 20 120,80 80 80,890.0
750.0,1000.0,1.0,1.0,20 20 20,250.0,250.0,20.0,0 0 0,0.0,0.0,0.0,0 0 0,20 20 20,750.0
750.0,1000.0,1.2,0.1,20 100 200,250.0,300.0,20.0,0 80 180,260.0,26.0,26.0,0 8 18,20 92 182,776.0
750.0,1000.0,1.2,0.1,20 20 100,250.0,300.0,20.0,0 0 80,80.0,8.0,8.0,0 0 8,20 20 92,758.0
750.0,1000.0,1.2,0.1,80 100 200,250.0,300.0,80.0,0 20 120,140.0,14.0,14.0,0 2 12,80 98 188,764.0
750.0,1000.0,1.2,0.1,20 20 20,250.0,300.0,20.0,0 0 0,0.0,0.0,0.0,0 0 0,20 20 20,750.0
750.0,1000.0,1.2,0.25,20 100 200,250.0,300.0,20.0,0 80 180,260.0,65.0,65.0,0 20 45,20 80 155,815.0
750.0,1000.0,1.2,0.25,20 20 100,250.0,300.0,20.0,0 0 80,80.0,20.0,20.0,0 0 20,20 20 80,770.0
750.0,1000.0,1.2,0.25,80 100 200,250.0,300.0,80.0,0 20 120,140.0,35.0,35.0,0 5 30,80 95 170,785.0
750.0,1000.0,1.2,0.25,20 20 20,250.0,300.0,20.0,0 0 0,0.0,0.0,0.0,0 0 0,20 20 20,750.0
750.0,1000.0,1.2,0.5,20 100 200,250.0,300.0,20.0,0 80 180,260.0,130.0,130.0,0 40 90,20 60 110,880.0
750.0,1000.0,1.2,0.5,20 20 100,250.0,300.0,20.0,0 0 80,80.0,40.0,40.0,0 0 40,20 20 60,790.0
750.0,1000.0,1.2,0.5,80 100 200,250.0,300.0,80.0,0 20 120,140.0,70.0,70.0,0 10 60,80 90 140,820.0
750.0,1000.0,1.2,0.5,20 20 20,250.0,300.0,20.0,0 0 0,0.0,0.0,0.0,0 0 0,20 20 20,750.0
750.0,1000.0,1.2,1.0,20 100 200,250.0,300.0,20.0,0 80 180,260.0,260.0,260.0,0 80 180,20 20 20,1010.0
750.0,1000.0,1.2,1.0,20 20 100,250.0,300.0,20.0,0 0 80,80.0,80.0,80.0,0 0 80,20 20 20,830.0
750.0,1000.0,1.2,1.0,80 100 200,250.0,300.0,80.0,0 20 120,140.0,140.0,140.0,0 20 120,80 80 80,890.0
750.0,1000.0,1.2,1.0,20 20 20,250.0,300.0,20.0,0 0 0,0.0,0.0,0.0,0 0 0,20 20 20,750.0
900.0,1000.0,0.5,0.1,20 100 200,100.0,50.0,20.0,0 80 180,260.0,26.0,26.0,0 8 18,20 92 182,926.0
900.0,1000.0,0.5,0.1,20 20 100,100.0,50.0,20.0,0 0 80,80.0,8.0,8.0,0 0 8,20 20 92,908.0
900.0,1000.0,0.5,0.1,80 100 200,100.0,50.0,80.0,0 20 120,140.0,14.0,14.0,0 2 12,80 98 188,914.0
900.0,1000.0,0.5,0.1,20 20 20,100.0,50.0,20.0,0 0 0,0.0,0.0,0.0,0 0 0,20 20 20,900.0
900.0,1000.0,0.5,0.25,20 100 200,100.0,50.0,20.0,0 80 180,260.0,65.0,50.0,0 15.3846 34.6154,20 84.6154 165.385,950.0
900.0,1000.0,0.5,0.25,20 20 100,100.0,50.0,20.0,0 0 80,80.0,20.0,20.0,0 0 20,20 20 80,920.0
900.0,1000.0,0.5,0.25,80 100 200,100.0,50.0,80.0,0 20 120,140.0,35.0,35.0,0 5 30,80 95 170,935.0
900.0,1000.0,0.5,0.25,20 20 20,100.0,50.0,20.0,0 0 0,0.0,0.0,0.0,0 0 0,20 20 20,900.0
900.0,1000.0,0.5,0.5,20 100 200,100.0,50.0,20.0,0 80 180,260.0,130.0,50.0,0 15.3846 34.6154,20 84.6154 165.385,950.0
900.0,1000.0,0.5,0.5,20 20 100,100.0,50.0,20.0,0 0 80,80.0,40.0,40.0,0 0 40,20 20 60,940.0
900.0,1000.0,0.5,0.5,80 100 200,100.0,50.0,80.0,0 20 120,140.0,70.0,50.0,0 7.14286 42.8571,80 92.8571 157.143,950.0
900.0,1000.0,0.5,0.5,20 20 20,100.0,50.0,20.0,0 0 0,0.0,0.0,0.0,0 0 0,20 20 20,900.0
900.0,1000.0,0.5,1.0,20 100 200,100.0,50.0,20.0,0 80 180,260.0,260.0,50.0,0 15.3846 34.6154,20 84.6154 165.385,950.0
900.0,1000.0,0.5,1.0,20 20 100,100.0,50.0,20.0,0 0 80,80.0,80.0,50.0,0 0 50,20 20 50,950.0
900.0,1000.0,0.5,1.0,80 100 200,100.0,50.0,80.0,0 20 120,140.0,140.0,50.0,0 7.14286 42.8571,80 92.8571 157.143,950.0
900.0,1000.0,0.5,1.0,20 20 20,100.0,50.0,20.0,0 0 0,0.0,0.0,0.0,0 0 0,20 20 20,900.0
900.0,1000.0,1.0,0.1,20 100 200,100.0,100.0,20.0,0 80 180,260.0,26.0,26.0,0 8 18,20 92 182,926.0
900.0,1000.0,1.0,0.1,20 20 100,100.0,100.0,20.0,0 0 80,80.0,8.0,8.0,0 0 8,20 20 92,908.0
900.0,1000.0,1.0,0.1,80 100 200,100.0,100.0,80.0,0 20 120,140.0,14.0,14.0,0 2 12,80 98 188,914.0
900.0,1000.0,1.0,0.1,20 20 20,100.0,100.0,20.0,0 0 0,0.0,0.0,0.0,0 0 0,20 20 20,900.0
900.0,1000.0,1.0,0.25,20 100 200,100.0,100.0,20.0,0 80 180,260.0,65.0,65.0,0 20 45,20 80 155,965.0
900.0,1000.0,1.0,0.25,20 20 100,100.0,100.0,20.0,0 0 80,80.0,20.0,20.0,0 0 20,20 20 80,920.0
900.0,1000.0,1.0,0.25,80 100 200,100.0,100.0,80.0,0 20 120,140.0,35.0,35.0,0 5 30,80 95 170,935.0
900.0,1000.0,1.0,0.25,20 20 20,100.0,100.0,20.0,0 0 0,0.0,0.0,0.0,0 0 0,20 20 20,900.0
900.0,1000.0,1.0,0.5,20 100 200,100.0,100.0,20.0,0 80 180,260.0,130.0,100.0,0 30.7692 69.2308,20 69.2308 130.769,1000.0
900.0,1000.0,1.0,0.5,20 20 100,100.0,100.0,20.0,0 0 80,80.0,40.0,40.0,0 0 40,20 20 60,940.0
900.0,1000.0,1.0,0.5,80 100 200,100.0,100.0,80.0,0 20 120,140.0,70.0,70.0,0 10 60,80 90 140,970.0
900.0,1000.0,1.0,0.5,20 20 20,100.0,100.0,20.0,0 0 0,0.0,0.0,0.0,0 0 0,20 20 20,900.0
900.0,1000.0,1.0,1.0,20 100 200,100.0,100.0,20.0,0 80 180,260.0,260.0,100.0,0 30.7692 69.2308,20 69.2308 130.769,1000.0
900.0,1000.0,1.0,1.0,20 20 100,100.0,100.0,20.0,0 0 80,80.0,80.0,80.0,0 0 80,20 20 20,980.0
900.0,1000.0,1.0,1.0,80 100 200,100.0,100.0,80.0,0 20 120,140.0,140.0,100.0,0 14.2857 85.7143,80 85.7143 114.286,1000.0
900.0,1000.0,1.0,1.0,20 20 20,100.0,100.0,20.0,0 0 0,0.0,0.0,0.0,0 0 0,20 20 20,900.0
900.0,1000.0,1.2,0.1,20 100 200,100.0,120.0,20.0,0 80 180,260.0,26.0,26.0,0 8 18,20 92 182,926.0
900.0,1000.0,1.2,0.1,20 20 100,100.0,120.0,20.0,0 0 80,80.0,8.0,8.0,0 0 8,20 20 92,908.0
900.0,1000.0,1.2,0.1,80 100 200,100.0,120.0,80.0,0 20 120,140.0,14.0,14.0,0 2 12,80 98 188,914.0
900.0,1000.0,1.2,0.1,20 20 20,100.0,120.0,20.0,0 0 0,0.0,0.0,0.0,0 0 0,20 20 20,900.0
900.0,1000.0,1.2,0.25,20 100 200,100.0,120.0,20.0,0 80 180,260.0,65.0,65.0,0 20 45,20 80 155,965.0
900.0,1000.0,1.2,0.25,20 20 100,100.0,120.0,20.0,0 0 80,80.0,20.0,20.0,0 0 20,20 20 80,920.0
900.0,1000.0,1.2,0.25,80 100 200,100.0,120.0,80.0,0 20 120,140.0,35.0,35.0,0 5 30,80 95 170,935.0
900.0,1000.0,1.2,0.25,20 20 20,100.0,120.0,20.0,0 0 0,0.0,0.0,0.0,0 0 0,20 20 20,900.0
900.0,1000.0,1.2,0.5,20 100 200,100.0,120.0,20.0,0 80 180,260.0,130.0,120.0,0 36.9231 83.0769,20 63.0769 116.923,1020.0
900.0,1000.0,1.2,0.5,20 20 100,100.0,120.0,20.0,0 0 80,80.0,40.0,40.0,0 0 40,20 20 60,940.0
900.0,1000.0,1.2,0.5,80 100 200,100.0,120.0,80.0,0 20 120,140.0,70.0,70.0,0 10 60,80 90 140,970.0
900.0,1000.0,1.2,0.5,20 20 20,100.0,120.0,20.0,0 0 0,0.0,0.0,0.0,0 0 0,20 20 20,900.0
900.0,1000.0,1.2,1.0,20 100 200,100.0,120.0,20.0,0 80 180,260.0,260.0,120.0,0 36.9231 83.0769,20 63.0769 116.923,1020.0
900.0,1000.0,1.2,1.0,20 20 100,100.0,120.0,20.0,0 0 80,80.0,80.0,80.0,0 0 80,20 20 20,980.0
900.0,1000.0,1.2,1.0,80 100 200,100.0,120.0,80.0,0 20 120,140.0,140.0,120.0,0 17.1429 102.857,80 82.8571 97.1429,1020.0
900.0,1000.0,1.2,1.0,20 20 20,100.0,120.0,20.0,0 0 0,0.0,0.0,0.0,0 0 0,20 20 20,900.0
950.0,1000.0,0.5,0.1,20 100 200,50.0,25.0,20.0,0 80 180,260.0,26.0,25.0,0 7.69231 17.3077,20 92.3077 182.692,975.0
950.0,1000.0,0.5,0.1,20 20 100,50.0,25.0,20.0,0 0 80,80.0,8.0,8.0,0 0 8,20 20 92,958.0
950.0,1000.0,0.5,0.1,80 100 200,50.0,25.0,80.0,0 20 120,140.0,14.0,14.0,0 2 12,80 98 188,964.0
950.0,1000.0,0.5,0.1,20 20 20,50.0,25.0,20.0,0 0 0,0.0,0.0,0.0,0 0 0,20 20 20,950.0
950.0,1000.0,0.5,0.25,20 100 200,50.0,25.0,20.0,0 80 180,260.0,65.0,25.0,0 7.69231 17.3077,20 92.3077 182.692,975.0
950.0,1000.0,0.5,0.25,20 20 100,50.0,25.0,20.0,0 0 80,80.0,20.0,20.0,0 0 20,20 20 80,970.0
950.0,1000.0,0.5,0.25,80 100 200,50.0,25.0,80.0,0 20 120,140.0,35.0,25.0,0 3.57143 21.4286,80 96.4286 178.571,975.0
950.0,1000.0,0.5,0.25,20 20 20,50.0,25.0,20.0,0 0 0,0.0,0.0,0.0,0 0 0,20 20 20,950.0
950.0,1000.0,0.5,0.5,20 100 200,50.0,25.0,20.0,0 80 180,260.0,130.0,25.0,0 7.69231 17.3077,20 92.3077 182.692,975.0
950.0,1000.0,0.5,0.5,20 20 100,50.0,25.0,20.0,0 0 80,80.0,40.0,25.0,0 0 25,20 20 75,975.0
950.0,1000.0,0.5,0.5,80 100 200,50.0,25.0,80.0,0 20 120,140.0,70.0,25.0,0 3.57143 21.4286,80 96.4286 178.571,975.0
950.0,1000.0,0.5,0.5,20 20 20,50.0,25.0,20.0,0 0 0,0.0,0.0,0.0,0 0 0,20 20 20,950.0
950.0,1000.0,0.5,1.0,20 100 200,50.0,25.0,20.0,0 80 180,260.0,260.0,25.0,0 7.69231 17.3077,20 92.3077 182.692,975.0
950.0,1000.0,0.5,1.0,20 20 100,50.0,25.0,20.0,0 0 80,80.0,80.0,25.0,0 0 25,20 20 75,975.0
950.0,1000.0,0.5,1.0,80 100 200,50.0,25.0,80.0,0 20 120,140.0,140.0,25.0,0 3.57143 21.4286,80 96.4286 178.571,975.0
950.0,1000.0,0.5,1.0,20 20 20,50.0,25.0,20.0,0 0 0,0.0,0.0,0.0,0 0 0,20 20 20,950.0
950.0,1000.0,1.0,0.1,20 100 200,50.0,50.0,20.0,0 80 180,260.0,26.0,26.0,0 8 18,20 92 182,976.0
950.0,1000.0,1.0,0.1,20 20 100,50.0,50.0,20.0,0 0 80,80.0,8.0,8.0,0 0 8,20 20 92,958.0
950.0,1000.0,1.0,0.1,80 100 200,50.0,50.0,80.0,0 20 120,140.0,14.0,14.0,0 2 12,80 98 188,964.0
950.0,1000.0,1.0,0.1,20 20 20,50.0,50.0,20.0,0 0 0,0.0,0.0,0.0,0 0 0,20 20 20,950.0
950.0,1000.0,1.0,0.25,20 100 200,50.0,50.0,20.0,0 80 180,260.0,65.0,50.0,0 15.3846 34.6154,20 84.6154 165.385,1000.0
950.0,1000.0,1.0,0.25,20 20 100,50.0,50.0,20.0,0 0 80,80.0,20.0,20.0,0 0 20,20 20 80,970.0
950.0,1000.0,1.0,0.25,80 100 200,50.0,50.0,80.0,0 20 120,140.0,35.0,35.0,0 5 30,80 95 170,985.0
950.0,1000.0,1.0,0.25,20 20 20,50.0,50.0,20.0,0 0 0,0.0,0.0,0.0,0 0 0,20 20 20,950.0
950.0,1000.0,1.0,0.5,20 100 200,50.0,50.0,20.0,0 80 180,260.0,130.0,50.0,0 15.3846 34.6154,20 84.6154 165.385,1000.0
950.0,1000.0,1.0,0.5,20 20 100,50.0,50.0,20.0,0 0 80,80.0,40.0,40.0,0 0 40,20 20 60,990.0
950.0,1000.0,1.0,0.5,80 100 200,50.0,50.0,80.0,0 20 120,140.0,70.0,50.0,0 7.14286 42.8571,80 92.8571 157.143,1000.0
950.0,1000.0,1.0,0.5,20 20 20,50.0,50.0,20.0,0 0 0,0.0,0.0,0.0,0 0 0,20 20 20,950.0
950.0,1000.0,1.0,1.0,20 100 200,50.0,50.0,20.0,0 80 180,260.0,260.0,50.0,0 15.3846 34.6154,20 84.6154 165.385,1000.0
950.0,1000.0,1.0,1.0,20 20 100,50.0,50.0,20.0,0 0 80,80.0,80.0,50.0,0 0 50,20 20 50,1000.0
950.0,1000.0,1.0,1.0,80 100 200,50.0,50.0,80.0,0 20 120,140.0,140.0,50.0,0 7.14286 42.8571,80 92.8571 157.143,1000.0
950.0,1000.0,1.0,1.0,20 20 20,50.0,50.0,20.0,0 0 0,0.0,0.0,0.0,0 0 0,20 20 20,950.0
950.0,1000.0,1.2,0.1,20 100 200,50.0,60.0,20.0,0 80 180,260.0,26.0,26.0,0 8 18,20 92 182,976.0
950.0,1000.0,1.2,0.1,20 20 100,50.0,60.0,20.0,0 0 80,80.0,8.0,8.0,0 0 8,20 20 92,958.0
950.0,1000.0,1.2,0.1,80 100 200,50.0,60.0,80.0,0 20 120,140.0,14.0,14.0,0 2 12,80 98 188,964.0
950.0,1000.0,1.2,0.1,20 20 20,50.0,60.0,20.0,0 0 0,0.0,0.0,0.0,0 0 0,20 20 20,950.0
950.0,1000.0,1.2,0.25,20 100 200,50.0,60.0,20.0,0 80 180,260.0,65.0,60.0,0 18.4615 41.5385,20 81.5385 158.462,1010.0
950.0,1000.0,1.2,0.25,20 20 100,50.0,60.0,20.0,0 0 80,80.0,20.0,20.0,0 0 20,20 20 80,970.0
950.0,1000.0,1.2,0.25,80 100 200,50.0,60.0,80.0,0 20 120,140.0,35.0,35.0,0 5 30,80 95 170,985.0
950.0,1000.0,1.2,0.25,20 20 20,50.0,60.0,20.0,0 0 0,0.0,0.0,0.0,0 0 0,20 20 20,950.0
950.0,1000.0,1.2,0.5,20 100 200,50.0,60.0,20.0,0 80 180,260.0,130.0,60.0,0 18.4615 41.5385,20 81.5385 158.462,1010.0
950.0,1000.0,1.2,0.5,20 20 100,50.0,60.0,20.0,0 0 80,80.0,40.0,40.0,0 0 40,20 20 60,990.0
950.0,1000.0,1.2,0.5,80 100 200,50.0,60.0,80.0,0 20 120,140.0,70.0,60.0,0 8.57143 51.4286,80 91.4286 148.571,1010.0
950.0,1000.0,1.2,0.5,20 20 20,50.0,60.0,20.0,0 0 0,0.0,0.0,0.0,0 0 0,20 20 20,950.0
950.0,1000.0,1.2,1.0,20 100 200,50.0,60.0,20.0,0 80 180,260.0,260.0,60.0,0 18.4615 41.5385,20 81.5385 158.462,1010.0
950.0,1000.0,1.2,1.0,20 20 100,50.0,60.0,20.0,0 0 80,80.0,80.0,60.0,0 0 60,20 20 40,1010.0
950.0,1000.0,1.2,1.0,80 100 200,50.0,60.0,80.0,0 20 120,140.0,140.0,60.0,0 8.57143 51.4286,80 91.4286 148.571,1010.0
950.0,1000.0,1.2,1.0,20 20 20,50.0,60.0,20.0,0 0 0,0.0,0.0,0.0,0 0 0,20 20 20,950.0
990.0,1000.0,0.5,0.1,20 100 200,10.0,5.0,20.0,0 80 180,260.0,26.0,5.0,0 1.53846 3.46154,20 98.4615 196.538,995.0
990.0,1000.0,0.5,0.1,20 20 100,10.0,5.0,20.0,0 0 80,80.0,8.0,5.0,0 0 5,20 20 95,995.0
990.0,1000.0,0.5,0.1,80 100 200,10.0,5.0,80.0,0 20 120,140.0,14.0,5.0,0 0.714286 4.28571,80 99.2857 195.714,995.0
990.0,1000.0,0.5,0.1,20 20 20,10.0,5.0,20.0,0 0 0,0.0,0.0,0.0,0 0 0,20 20 20,990.0
990.0,1000.0,0.5,0.25,20 100 200,10.0,5.0,20.0,0 80 180,260.0,65.0,5.0,0 1.53846 3.46154,20 98.4615 196.538,995.0
990.0,1000.0,0.5,0.25,20 20 100,10.0,5.0,20.0,0 0 80,80.0,20.0,5.0,0 0 5,20 20 95,995.0
990.0,1000.0,0.5,0.25,80 100 200,10.0,5.0,80.0,0 20 120,140.0,35.0,5.0,0 0.714286 4.28571,80 99.2857 195.714,995.0
990.0,1000.0,0.5,0.25,20 20 20,10.0,5.0,20.0,0 0 0,0.0,0.0,0.0,0 0 0,20 20 20,990.0
990.0,1000.0,0.5,0.5,20 100 200,10.0,5.0,20.0,0 80 180,260.0,130.0,5.0,0 1.53846 3.46154,20 98.4615 196.538,995.0
990.0,1000.0,0.5,0.5,20 20 100,10.0,5.0,20.0,0 0 80,80.0,40.0,5.0,0 0 5,20 20 95,995.0
990.0,1000.0,0.5,0.5,80 100 200,10.0,5.0,80.0,0 20 120,140.0,70.0,5.0,0 0.714286 4.28571,80 99.2857 195.714,995.0
990.0,1000.0,0.5,0.5,20 20 20,10.0,5.0,20.0,0 0 0,0.0,0.0,0.0,0 0 0,20 20 20,990.0
990.0,1000.0,0.5,1.0,20 100 200,10.0,5.0,20.0,0 80 180,260.0,260.0,5.0,0 1.53846 3.46154,20 98.4615 196.538,995.0
990.0,1000.0,0.5,1.0,20 20 100,10.0,5.0,20.0,0 0 80,80.0,80.0,5.0,0 0 5,20 20 95,995.0
990.0,1000.0,0.5,1.0,80 100 200,10.0,5.0,80.0,0 20 120,140.0,140.0,5.0,0 0.714286 4.28571,80 99.2857 195.714,995.0
990.0,1000.0,0.5,1.0,20 20 20,10.0,5.0,20.0,0 0 0,0.0,0.0,0.0,0 0 0,20 20 20,990.0
990.0,1000.0,1.0,0.1,20 100 200,10.0,10.0,20.0,0 80 180,260.0,26.0,10.0,0 3.07692 6.92308,20 96.9231 193.077,1000.0
990.0,1000.0,1.0,0.1,20 20 100,10.0,10.0,20.0,0 0 80,80.0,8.0,8.0,0 0 8,20 20 92,998.0
990.0,1000.0,1.0,0.1,80 100 200,10.0,10.0,80.0,0 20 120,140.0,14.0,10.0,0 1.42857 8.57143,80 98.5714 191.429,1000.0
990.0,1000.0,1.0,0.1,20 20 20,10.0,10.0,20.0,0 0 0,0.0,0.0,0.0,0 0 0,20 20 20,990.0
990.0,1000.0,1.0,0.25,20 100 200,10.0,10.0,20.0,0 80 180,260.0,65.0,10.0,0 3.07692 6.92308,20 96.9231 193.077,1000.0
990.0,1000.0,1.0,0.25,20 20 100,10.0,10.0,20.0,0 0 80,80.0,20.0,10.0,0 0 10,20 20 90,1000.0
990.0,1000.0,1.0,0.25,80 100 200,10.0,10.0,80.0,0 20 120,140.0,35.0,10.0,0 1.42857 8.57143,80 98.5714 191.429,1000.0
990.0,1000.0,1.0,0.25,20 20 20,10.0,10.0,20.0,0 0 0,0.0,0.0,0.0,0 0 0,20 20 20,990.0
990.0,1000.0,1.0,0.5,20 100 200,10.0,10.0,20.0,0 80 180,260.0,130.0,10.0,0 3.07692 6.92308,20 96.9231 193.077,1000.0
990.0,1000.0,1.0,0.5,20 20 100,10.0,10.0,20.0,0 0 80,80.0,40.0,10.0,0 0 10,20 20 90,1000.0
990.0,1000.0,1.0,0.5,80 100 200,10.0,10.0,80.0,0 20 120,140.0,70.0,10.0,0 1.42857 8.57143,80 98.5714 191.429,1000.0
990.0,1000.0,1.0,0.5,20 20 20,10.0,10.0,20.0,0 0 0,0.0,0.0,0.0,0 0 0,20 20 20,990.0
990.0,1000.0,1.0,1.0,20 100 200,10.0,10.0,20.0,0 80 180,260.0,260.0,10.0,0 3.07692 6.92308,20 96.9231 193.077,1000.0
990.0,1000.0,1.0,1.0,20 20 100,10.0,10.0,20.0,0 0 80,80.0,80.0,10.0,0 0 10,20 20 90,1000.0
990.0,1000.0,1.0,1.0,80 100 200,10.0,10.0,80.0,0 20 120,140.0,140.0,10.0,0 1.42857 8.57143,80 98.5714 191.429,1000.0
990.0,1000.0,1.0,1.0,20 20 20,10.0,10.0,20.0,0 0 0,0.0,0.0,0.0,0 0 0,20 20 20,990.0
990.0,1000.0,1.2,0.1,20 100 200,10.0,12.0,20.0,0 80 180,260.0,26.0,12.0,0 3.69231 8.30769,20 96.3077 191.692,1002.0
990.0,1000.0,1.2,0.1,20 20 100,10.0,12.0,20.0,0 0 80,80.0,8.0,8.0,0 0 8,20 20 92,998.0
990.0,1000.0,1.2,0.1,80 100 200,10.0,12.0,80.0,0 20 120,140.0,14.0,12.0,0 1.71429 10.2857,80 98.2857 189.714,1002.0
990.0,1000.0,1.2,0.1,20 20 20,10.0,12.0,20.0,0 0 0,0.0,0.0,0.0,0 0 0,20 20 20,990.0
990.0,1000.0,1.2,0.25,20 100 200,10.0,12.0,20.0,0 80 180,260.0,65.0,12.0,0 3.69231 8.30769,20 96.3077 191.692,1002.0
990.0,1000.0,1.2,0.25,20 20 100,10.0,12.0,20.0,0 0 80,80.0,20.0,12.0,0 0 12,20 20 88,1002.0
990.0,1000.0,1.2,0.25,80 100 200,10.0,12.0,80.0,0 20 120,140.0,35.0,12.0,0 1.71429 10.2857,80 98.2857 189.714,1002.0
990.0,1000.0,1.2,0.25,20 20 20,10.0,12.0,20.0,0 0 0,0.0,0.0,0.0,0 0 0,20 20 20,990.0
990.0,1000.0,1.2,0.5,20 100 200,10.0,12.0,20.0,0 80 180,260.0,130.0,12.0,0 3.69231 8.30769,20 96.3077 191.692,1002.0
990.0,1000.0,1.2,0.5,20 20 100,10.0,12.0,20.0,0 0 80,80.0,40.0,12.0,0 0 12,20 20 88,1002.0
990.0,1000.0,1.2,0.5,80 100 200,10.0,12.0,80.0,0 20 120,140.0,70.0,12.0,0 1.71429 10.2857,80 98.2857 189.714,1002.0
990.0,1000.0,1.2,0.5,20 20 20,10.0,12.0,20.0,0 0 0,0.0,0.0,0.0,0 0 0,20 20 20,990.0
990.0,1000.0,1.2,1.0,20 100 200,10.0,12.0,20.0,0 80 180,260.0,260.0,12.0,0 3.69231 8.30769,20 96.3077 191.692,1002.0
990.0,1000.0,1.2,1.0,20 20 100,10.0,12.0,20.0,0 0 80,80.0,80.0,12.0,0 0 12,20 20 88,1002.0
990.0,1000.0,1.2,1.0,80 100 200,10.0,12.0,80.0,0 20 120,140.0,140.0,12.0,0 1.71429 10.2857,80 98.2857 189.714,1002.0
990.0,1000.0,1.2,1.0,20 20 20,10.0,12.0,20.0,0 0 0,0.0,0.0,0.0,0 0 0,20 20 20,990.0
1000.0,1000.0,0.5,0.1,20 100 200,0.0,0.0,20.0,0 80 180,260.0,26.0,0.0,0 0 0,20 100 200,1000.0
1000.0,1000.0,0.5,0.1,20 20 100,0.0,0.0,20.0,0 0 80,80.0,8.0,0.0,0 0 0,20 20 100,1000.0
1000.0,1000.0,0.5,0.1,80 100 200,0.0,0.0,80.0,0 20 120,140.0,14.0,0.0,0 0 0,80 100 200,1000.0
1000.0,1000.0,0.5,0.1,20 20 20,0.0,0.0,20.0,0 0 0,0.0,0.0,0.0,0 0 0,20 20 20,1000.0
1000.0,1000.0,0.5,0.25,20 100 200,0.0,0.0,20.0,0 80 180,260.0,65.0,0.0,0 0 0,20 100 200,1000.0
1000.0,1000.0,0.5,0.25,20 20 100,0.0,0.0,20.0,0 0 80,80.0,20.0,0.0,0 0 0,20 20 100,1000.0
1000.0,1000.0,0.5,0.25,80 100 200,0.0,0.0,80.0,0 20 120,140.0,35.0,0.0,0 0 0,80 100 200,1000.0
1000.0,1000.0,0.5,0.25,20 20 20,0.0,0.0,20.0,0 0 0,0.0,0.0,0.0,0 0 0,20 20 20,1000.0
1000.0,1000.0,0.5,0.5,20 100 200,0.0,0.0,20.0,0 80 180,260.0,130.0,0.0,0 0 0,20 100 200,1000.0
1000.0,1000.0,0.5,0.5,20 20 100,0.0,0.0,20.0,0 0 80,80.0,40.0,0.0,0 0 0,20 20 100,1000.0
1000.0,1000.0,0.5,0.5,80 100 200,0.0,0.0,80.0,0 20 120,140.0,70.0,0.0,0 0 0,80 100 200,1000.0
1000.0,1000.0,0.5,0.5,20 20 20,0.0,0.0,20.0,0 0 0,0.0,0.0,0.0,0 0 0,20 20 20,1000.0
1000.0,1000.0,0.5,1.0,20 100 200,0.0,0.0,20.0,0 80 180,260.0,260.0,0.0,0 0 0,20 100 200,1000.0
1000.0,1000.0,0.5,1.0,20 20 100,0.0,0.0,20.0,0 0 80,80.0,80.0,0.0,0 0 0,20 20 100,1000.0
1000.0,1000.0,0.5,1.0,80 100 200,0.0,0.0,80.0,0 20 120,140.0,140.0,0.0,0 0 0,80 100 200,1000.0
1000.0,1000.0,0.5,1.0,20 20 20,0.0,0.0,20.0,0 0 0,0.0,0.0,0.0,0 0 0,20 20 20,1000.0
1000.0,1000.0,1.0,0.1,20 100 200,0.0,0.0,20.0,0 80 180,260.0,26.0,0.0,0 0 0,20 100 200,1000.0
1000.0,1000.0,1.0,0.1,20 20 100,0.0,0.0,20.0,0 0 80,80.0,8.0,0.0,0 0 0,20 20 100,1000.0
1000.0,1000.0,1.0,0.1,80 100 200,0.0,0.0,80.0,0 20 120,140.0,14.0,0.0,0 0 0,80 100 200,1000.0
1000.0,1000.0,1.0,0.1,20 20 20,0.0,0.0,20.0,0 0 0,0.0,0.0,0.0,0 0 0,20 20 20,1000.0
1000.0,1000.0,1.0,0.25,20 100 200,0.0,0.0,20.0,0 80 180,260.0,65.0,0.0,0 0 0,20 100 200,1000.0
1000.0,1000.0,1.0,0.25,20 20 100,0.0,0.0,20.0,0 0 80,80.0,20.0,0.0,0 0 0,20 20 100,1000.0
1000.0,1000.0,1.0,0.25,80 100 200,0.0,0.0,80.0,0 20 120,140.0,35.0,0.0,0 0 0,80 100 200,1000.0
1000.0,1000.0,1.0,0.25,20 20 20,0.0,0.0,20.0,0 0 0,0.0,0.0,0.0,0 0 0,20 20 20,1000.0
1000.0,1000.0,1.0,0.5,20 100 200,0.0,0.0,20.0,0 80 180,260.0,130.0,0.0,0 0 0,20 100 200,1000.0
1000.0,1000.0,1.0,0.5,20 20 100,0.0,0.0,20.0,0 0 80,80.0,40.0,0.0,0 0 0,20 20 100,1000.0
1000.0,1000.0,1.0,0.5,80 100 200,0.0,0.0,80.0,0 20 120,140.0,70.0,0.0,0 0 0,80 100 200,1000.0
1000.0,1000.0,1.0,0.5,20 20 20,0.0,0.0,20.0,0 0 0,0.0,0.0,0.0,0 0 0,20 20 20,1000.0
1000.0,1000.0,1.0,1.0,20 100 200,0.0,0.0,20.0,0 80 180,260.0,260.0,0.0,0 0 0,20 100 200,1000.0
1000.0,1000.0,1.0,1.0,20 20 100,0.0,0.0,20.0,0 0 80,80.0,80.0,0.0,0 0 0,20 20 100,1000.0
1000.0,1000.0,1.0,1.0,80 100 200,0.0,0.0,80.0,0 20 120,140.0,140.0,0.0,0 0 0,80 100 200,1000.0
1000.0,1000.0,1.0,1.0,20 20 20,0.0,0.0,20.0,0 0 0,0.0,0.0,0.0,0 0 0,20 20 20,1000.0
1000.0,1000.0,1.2,0.1,20 100 200,0.0,0.0,20.0,0 80 180,260.0,26.0,0.0,0 0 0,20 100 200,1000.0
1000.0,1000.0,1.2,0.1,20 20 100,0.0,0.0,20.0,0 0 80,80.0,8.0,0.0,0 0 0,20 20 100,1000.0
1000.0,1000.0,1.2,0.1,80 100 200,0.0,0.0,80.0,0 20 120,140.0,14.0,0.0,0 0 0,80 100 200,1000.0
1000.0,1000.0,1.2,0.1,20 20 20,0.0,0.0,20.0,0 0 0,0.0,0.0,0.0,0 0 0,20 20 20,1000.0
1000.0,1000.0,1.2,0.25,20 100 200,0.0,0.0,20.0,0 80 180,260.0,65.0,0.0,0 0 0,20 100 200,1000.0
1000.0,1000.0,1.2,0.25,20 20 100,0.0,0.0,20.0,0 0 80,80.0,20.0,0.0,0 0 0,20 20 100,1000.0
1000.0,1000.0,1.2,0.25,80 100 200,0.0,0.0,80.0,0 20 120,140.0,35.0,0.0,0 0 0,80 100 200,1000.0
1000.0,1000.0,1.2,0.25,20 20 20,0.0,0.0,20.0,0 0 0,0.0,0.0,0.0,0 0 0,20 20 20,1000.0
1000.0,1000.0,1.2,0.5,20 100 200,0.0,0.0,20.0,0 80 180,260.0,130.0,0.0,0 0 0,20 100 200,1000.0
1000.0,1000.0,1.2,0.5,20 20 100,0.0,0.0,20.0,0 0 80,80.0,40.0,0.0,0 0 0,20 20 100,1000.0
1000.0,1000.0,1.2,0.5,80 100 200,0.0,0.0,80.0,0 20 120,140.0,70.0,0.0,0 0 0,80 100 200,1000.0
1000.0,1000.0,1.2,0.5,20 20 20,0.0,0.0,20.0,0 0 0,0.0,0.0,0.0,0 0 0,20 20 20,1000.0
1000.0,1000.0,1.2,1.0,20 100 200,0.0,0.0,20.0,0 80 180,260.0,260.0,0.0,0 0 0,20 100 200,1000.0
1000.0,1000.0,1.2,1.0,20 20 100,0.0,0.0,20.0,0 0 80,80.0,80.0,0.0,0 0 0,20 20 100,1000.0
1000.0,1000.0,1.2,1.0,80 100 200,0.0,0.0,80.0,0 20 120,140.0,140.0,0.0,0 0 0,80 100 200,1000.0
1000.0,1000.0,1.2,1.0,20 20 20,0.0,0.0,20.0,0 0 0,0.0,0.0,0.0,0 0 0,20 20 20,1000.0
1100.0,1000.0,0.5,0.1,20 100 200,0.0,0.0,20.0,0 80 180,260.0,26.0,0.0,0 0 0,20 100 200,1100.0
1100.0,1000.0,0.5,0.1,20 20 100,0.0,0.0,20.0,0 0 80,80.0,8.0,0.0,0 0 0,20 20 100,1100.0
1100.0,1000.0,0.5,0.1,80 100 200,0.0,0.0,80.0,0 20 120,140.0,14.0,0.0,0 0 0,80 100 200,1100.0
1100.0,1000.0,0.5,0.1,20 20 20,0.0,0.0,20.0,0 0 0,0.0,0.0,0.0,0 0 0,20 20 20,1100.0
1100.0,1000.0,0.5,0.25,20 100 200,0.0,0.0,20.0,0 80 180,260.0,65.0,0.0,0 0 0,20 100 200,1100.0
1100.0,1000.0,0.5,0.25,20 20 100,0.0,0.0,20.0,0 0 80,80.0,20.0,0.0,0 0 0,20 20 100,1100.0
1100.0,1000.0,0.5,0.25,80 100 200,0.0,0.0,80.0,0 20 120,140.0,35.0,0.0,0 0 0,80 100 200,1100.0
1100.0,1000.0,0.5,0.25,20 20 20,0.0,0.0,20.0,0 0 0,0.0,0.0,0.0,0 0 0,20 20 20,1100.0
1100.0,1000.0,0.5,0.5,20 100 200,0.0,0.0,20.0,0 80 180,260.0,130.0,0.0,0 0 0,20 100 200,1100.0
1100.0,1000.0,0.5,0.5,20 20 100,0.0,0.0,20.0,0 0 80,80.0,40.0,0.0,0 0 0,20 20 100,1100.0
1100.0,1000.0,0.5,0.5,80 100 200,0.0,0.0,80.0,0 20 120,140.0,70.0,0.0,0 0 0,80 100 200,1100.0
1100.0,1000.0,0.5,0.5,20 20 20,0.0,0.0,20.0,0 0 0,0.0,0.0,0.0,0 0 0,20 20 20,1100.0
1100.0,1000.0,0.5,1.0,20 100 200,0.0,0.0,20.0,0 80 180,260.0,260.0,0.0,0 0 0,20 100 200,1100.0
1100.0,1000.0,0.5,1.0,20 20 100,0.0,0.0,20.0,0 0 80,80.0,80.0,0.0,0 0 0,20 20 100,1100.0
1100.0,1000.0,0.5,1.0,80 100 200,0.0,0.0,80.0,0 20 120,140.0,140.0,0.0,0 0 0,80 100 200,1100.0
1100.0,1000.0,0.5,1.0,20 20 20,0.0,0.0,20.0,0 0 0,0.0,0.0,0.0,0 0 0,20 20 20,1100.0
1100.0,1000.0,1.0,0.1,20 100 200,0.0,0.0,20.0,0 80 180,260.0,26.0,0.0,0 0 0,20 100 200,1100.0
1100.0,1000.0,1.0,0.1,20 20 100,0.0,0.0,20.0,0 0 80,80.0,8.0,0.0,0 0 0,20 20 100,1100.0
1100.0,1000.0,1.0,0.1,80 100 200,0.0,0.0,80.0,0 20 120,140.0,14.0,0.0,0 0 0,80 100 200,1100.0
1100.0,1000.0,1.0,0.1,20 20 20,0.0,0.0,20.0,0 0 0,0.0,0.0,0.0,0 0 0,20 20 20,1100.0
1100.0,1000.0,1.0,0.25,20 100 200,0.0,0.0,20.0,0 80 180,260.0,65.0,0.0,0 0 0,20 100 200,1100.0
1100.0,1000.0,1.0,0.25,20 20 100,0.0,0.0,20.0,0 0 80,80.0,20.0,0.0,0 0 0,20 20 100,1100.0
1100.0,1000.0,1.0,0.25,80 100 200,0.0,0.0,80.0,0 20 120,140.0,35.0,0.0,0 0 0,80 100 200,1100.0
1100.0,1000.0,1.0,0.25,20 20 20,0.0,0.0,20.0,0 0 0,0.0,0.0,0.0,0 0 0,20 20 20,1100.0
1100.0,1000.0,1.0,0.5,20 100 200,0.0,0.0,20.0,0 80 180,260.0,130.0,0.0,0 0 0,20 100 200,1100.0
1100.0,1000.0,1.0,0.5,20 20 100,0.0,0.0,20.0,0 0 80,80.0,40.0,0.0,0 0 0,20 20 100,1100.0
1100.0,1000.0,1.0,0.5,80 100 200,0.0,0.0,80.0,0 20 120,140.0,70.0,0.0,0 0 0,80 100 200,1100.0
1100.0,1000.0,1.0,0.5,20 20 20,0.0,0.0,20.0,0 0 0,0.0,0.0,0.0,0 0 0,20 20 20,1100.0
1100.0,1000.0,1.0,1.0,20 100 200,0.0,0.0,20.0,0 80 180,260.0,260.0,0.0,0 0 0,20 100 200,1100.0
1100.0,1000.0,1.0,1.0,20 20 100,0.0,0.0,20.0,0 0 80,80.0,80.0,0.0,0 0 0,20 20 100,1100.0
1100.0,1000.0,1.0,1.0,80 100 200,0.0,0.0,80.0,0 20 120,140.0,140.0,0.0,0 0 0,80 100 200,1100.0
1100.0,1000.0,1.0,1.0,20 20 20,0.0,0.0,20.0,0 0 0,0.0,0.0,0.0,0 0 0,20 20 20,1100.0
1100.0,1000.0,1.2,0.1,20 100 200,0.0,0.0,20.0,0 80 180,260.0,26.0,0.0,0 0 0,20 100 200,1100.0
1100.0,1000.0,1.2,0.1,20 20 100,0.0,0.0,20.0,0 0 80,80.0,8.0,0.0,0 0 0,20 20 100,1100.0
1100.0,1000.0,1.2,0.1,80 100 200,0.0,0.0,80.0,0 20 120,140.0,14.0,0.0,0 0 0,80 100 200,1100.0
1100.0,1000.0,1.2,0.1,20 20 20,0.0,0.0,20.0,0 0 0,0.0,0.0,0.0,0 0 0,20 20 20,1100.0
1100.0,1000.0,1.2,0.25,20 100 200,0.0,0.0,20.0,0 80 180,260.0,65.0,0.0,0 0 0,20 100 200,1100.0
1100.0,1000.0,1.2,0.25,20 20 100,0.0,0.0,20.0,0 0 80,80.0,20.0,0.0,0 0 0,20 20 100,1100.0
1100.0,1000.0,1.2,0.25,80 100 200,0.0,0.0,80.0,0 20 120,140.0,35.0,0.0,0 0 0,80 100 200,1100.0
1100.0,1000.0,1.2,0.25,20 20 20,0.0,0.0,20.0,0 0 0,0.0,0.0,0.0,0 0 0,20 20 20,1100.0
1100.0,1000.0,1.2,0.5,20 100 200,0.0,0.0,20.0,0 80 180,260.0,130.0,0.0,0 0 0,20 100 200,1100.0
1100.0,1000.0,1.2,0.5,20 20 100,0.0,0.0,20.0,0 0 80,80.0,40.0,0.0,0 0 0,20 20 100,1100.0
1100.0,1000.0,1.2,0.5,80 100 200,0.0,0.0,80.0,0 20 120,140.0,70.0,0.0,0 0 0,80 100 200,1100.0
1100.0,1000.0,1.2,0.5,20 20 20,0.0,0.0,20.0,0 0 0,0.0,0.0,0.0,0 0 0,20 20 20,1100.0
1100.0,1000.0,1.2,1.0,20 100 200,0.0,0.0,20.0,0 80 180,260.0,260.0,0.0,0 0 0,20 100 200,1100.0
1100.0,1000.0,1.2,1.0,20 20 100,0.0,0.0,20.0,0 0 80,80.0,80.0,0.0,0 0 0,20 20 100,1100.0
1100.0,1000.0,1.2,1.0,80 100 200,0.0,0.0,80.0,0 20 120,140.0,140.0,0.0,0 0 0,80 100 200,1100.0
1100.0,1000.0,1.2,1.0,20 20 20,0.0,0.0,20.0,0 0 0,0.0,0.0,0.0,0 0 0,20 20 20,1100.0
