timestamp,pattern,sti,lti
2026-02-23 16:38:16.595419,ant,7007.007007007007,7007.007007007007
2026-02-23 16:38:16.595332,ant,7007.007007007007,7007.007007007007
2026-02-23 16:38:16.595250,ant,7007.007007007007,7007.007007007007
2026-02-23 16:38:16.595380,ant,7007.007007007007,7007.007007007007
2026-02-23 16:38:16.595526,ant,7007.007007007007,7007.007007007007
2026-02-23 16:38:16.595484,ant,7007.007007007007,7007.007007007007
2026-02-23 16:38:16.598084,aphid,6516.025535044554,6516.025535044554
2026-02-23 16:38:16.598092,ant,4204.204204204204,7007.007007007007
2026-02-23 16:38:16.598094,(MemberLink eusocialSpecies ant),934.2676009342676,0.0
2026-02-23 16:38:16.598101,(CausesLink envenomation ant),934.2676009342676,0.0
2026-02-23 16:38:16.598104,(SimilarityLink ant acetamiprid),934.2676009342676,0.0
2026-02-23 16:38:16.598152,aphid,6516.025535044554,6516.025535044554
2026-02-23 16:38:16.598163,ant,4204.204204204204,7007.007007007007
2026-02-23 16:38:16.598166,(MemberLink eusocialSpecies ant),934.2676009342676,0.0
2026-02-23 16:38:16.598175,(CausesLink envenomation ant),934.2676009342676,0.0
2026-02-23 16:38:16.598180,(SimilarityLink ant acetamiprid),934.2676009342676,0.0
2026-02-23 16:38:16.598001,aphid,6516.025535044554,6516.025535044554
2026-02-23 16:38:16.598013,ant,4204.204204204204,7007.007007007007
2026-02-23 16:38:16.598017,(MemberLink eusocialSpecies ant),934.2676009342676,0.0
2026-02-23 16:38:16.598032,(CausesLink envenomation ant),934.2676009342676,0.0
2026-02-23 16:38:16.598038,(SimilarityLink ant acetamiprid),934.2676009342676,0.0
2026-02-23 16:38:16.597891,aphid,6516.025535044554,6516.025535044554
2026-02-23 16:38:16.597903,ant,4204.204204204204,7007.007007007007
2026-02-23 16:38:16.597905,(MemberLink eusocialSpecies ant),934.2676009342676,0.0
2026-02-23 16:38:16.597916,(CausesLink envenomation ant),934.2676009342676,0.0
2026-02-23 16:38:16.597921,(SimilarityLink ant acetamiprid),934.2676009342676,0.0
2026-02-23 16:38:16.598217,aphid,6516.025535044554,6516.025535044554
2026-02-23 16:38:16.598222,ant,4204.204204204204,7007.007007007007
2026-02-23 16:38:16.598224,(MemberLink eusocialSpecies ant),934.2676009342676,0.0
2026-02-23 16:38:16.598229,(CausesLink envenomation ant),934.2676009342676,0.0
2026-02-23 16:38:16.598233,(SimilarityLink ant acetamiprid),934.2676009342676,0.0
2026-02-23 16:38:16.598513,aphid,6516.025535044554,6516.025535044554
2026-02-23 16:38:16.598519,ant,4204.204204204204,7007.007007007007
2026-02-23 16:38:16.598522,(MemberLink eusocialSpecies ant),934.2676009342676,0.0
2026-02-23 16:38:16.598529,(CausesLink envenomation ant),934.2676009342676,0.0
2026-02-23 16:38:16.598535,(SimilarityLink ant acetamiprid),934.2676009342676,0.0
2026-02-23 16:38:16.604140,armyworm,6059.4471692256175,6059.4471692256175
2026-02-23 16:38:16.604150,(SimilarityLink ant acetamiprid),896.0560560560561,0.0
2026-02-23 16:38:16.604157,acetamiprid,298.68535201868536,0.0
2026-02-23 16:38:16.604159,ant,3418.5785785785793,7007.007007007007
2026-02-23 16:38:16.604161,(CausesLink envenomation ant),896.0560560560561,0.0
2026-02-23 16:38:16.604165,envenomation,298.68535201868536,0.0
2026-02-23 16:38:16.604167,(MemberLink eusocialSpecies ant),896.0560560560561,0.0
2026-02-23 16:38:16.604170,eusocialSpecies,298.68535201868536,0.0
2026-02-23 16:38:16.604172,aphid,3913.8195252309374,6516.025535044554
2026-02-23 16:38:16.604175,(CausesLink plantVirusSyndrome aphid),868.8034046726073,0.0
2026-02-23 16:38:16.604178,(SimilarityLink aphid fluvalinate),868.8034046726073,0.0
2026-02-23 16:38:16.604181,(SimilarityLink aphid alachlor),868.8034046726073,0.0
2026-02-23 16:38:16.603918,armyworm,6059.4471692256175,6059.4471692256175
2026-02-23 16:38:16.603940,(SimilarityLink ant acetamiprid),896.0560560560561,0.0
2026-02-23 16:38:16.603950,acetamiprid,298.68535201868536,0.0
2026-02-23 16:38:16.603953,ant,3418.5785785785793,7007.007007007007
2026-02-23 16:38:16.603955,(CausesLink envenomation ant),896.0560560560561,0.0
2026-02-23 16:38:16.603958,envenomation,298.68535201868536,0.0
2026-02-23 16:38:16.603960,(MemberLink eusocialSpecies ant),896.0560560560561,0.0
2026-02-23 16:38:16.603964,eusocialSpecies,298.68535201868536,0.0
2026-02-23 16:38:16.603966,aphid,3913.8195252309374,6516.025535044554
2026-02-23 16:38:16.603968,(CausesLink plantVirusSyndrome aphid),868.8034046726073,0.0
2026-02-23 16:38:16.603972,(SimilarityLink aphid fluvalinate),868.8034046726073,0.0
2026-02-23 16:38:16.603976,(SimilarityLink aphid alachlor),868.8034046726073,0.0
2026-02-23 16:38:16.604041,armyworm,6059.4471692256175,6059.4471692256175
2026-02-23 16:38:16.604053,(SimilarityLink ant acetamiprid),896.0560560560561,0.0
2026-02-23 16:38:16.604061,acetamiprid,298.68535201868536,0.0
2026-02-23 16:38:16.604064,ant,3418.5785785785793,7007.007007007007
2026-02-23 16:38:16.604066,(CausesLink envenomation ant),896.0560560560561,0.0
2026-02-23 16:38:16.604070,envenomation,298.68535201868536,0.0
2026-02-23 16:38:16.604072,(MemberLink eusocialSpecies ant),896.0560560560561,0.0
2026-02-23 16:38:16.604076,eusocialSpecies,298.68535201868536,0.0
2026-02-23 16:38:16.604078,aphid,3913.8195252309374,6516.025535044554
2026-02-23 16:38:16.604080,(CausesLink plantVirusSyndrome aphid),868.8034046726073,0.0
2026-02-23 16:38:16.604084,(SimilarityLink aphid fluvalinate),868.8034046726073,0.0
2026-02-23 16:38:16.604087,(SimilarityLink aphid alachlor),868.8034046726073,0.0
2026-02-23 16:38:16.604227,armyworm,6059.4471692256175,6059.4471692256175
2026-02-23 16:38:16.604234,(SimilarityLink ant acetamiprid),896.0560560560561,0.0
2026-02-23 16:38:16.604240,acetamiprid,298.68535201868536,0.0
2026-02-23 16:38:16.604242,ant,3418.5785785785793,7007.007007007007
2026-02-23 16:38:16.604244,(CausesLink envenomation ant),896.0560560560561,0.0
2026-02-23 16:38:16.604249,envenomation,298.68535201868536,0.0
2026-02-23 16:38:16.604251,(MemberLink eusocialSpecies ant),896.0560560560561,0.0
2026-02-23 16:38:16.604254,eusocialSpecies,298.68535201868536,0.0
2026-02-23 16:38:16.604256,aphid,3913.8195252309374,6516.025535044554
2026-02-23 16:38:16.604259,(CausesLink plantVirusSyndrome aphid),868.8034046726073,0.0
2026-02-23 16:38:16.604262,(SimilarityLink aphid fluvalinate),868.8034046726073,0.0
2026-02-23 16:38:16.604266,(SimilarityLink aphid alachlor),868.8034046726073,0.0
2026-02-23 16:38:16.604832,armyworm,6059.4471692256175,6059.4471692256175
2026-02-23 16:38:16.604845,(SimilarityLink ant acetamiprid),896.0560560560561,0.0
2026-02-23 16:38:16.604851,acetamiprid,298.68535201868536,0.0
2026-02-23 16:38:16.604853,ant,3418.5785785785793,7007.007007007007
2026-02-23 16:38:16.604855,(CausesLink envenomation ant),896.0560560560561,0.0
2026-02-23 16:38:16.604859,envenomation,298.68535201868536,0.0
2026-02-23 16:38:16.604863,(MemberLink eusocialSpecies ant),896.0560560560561,0.0
2026-02-23 16:38:16.604867,eusocialSpecies,298.68535201868536,0.0
2026-02-23 16:38:16.604869,aphid,3913.8195252309374,6516.025535044554
2026-02-23 16:38:16.604871,(CausesLink plantVirusSyndrome aphid),868.8034046726073,0.0
2026-02-23 16:38:16.604875,(SimilarityLink aphid fluvalinate),868.8034046726073,0.0
2026-02-23 16:38:16.604878,(SimilarityLink aphid alachlor),868.8034046726073,0.0
2026-02-23 16:38:16.604310,armyworm,6059.4471692256175,6059.4471692256175
2026-02-23 16:38:16.604320,(SimilarityLink ant acetamiprid),896.0560560560561,0.0
2026-02-23 16:38:16.604326,acetamiprid,298.68535201868536,0.0
2026-02-23 16:38:16.604328,ant,3418.5785785785793,7007.007007007007
2026-02-23 16:38:16.604330,(CausesLink envenomation ant),896.0560560560561,0.0
2026-02-23 16:38:16.604334,envenomation,298.68535201868536,0.0
2026-02-23 16:38:16.604336,(MemberLink eusocialSpecies ant),896.0560560560561,0.0
2026-02-23 16:38:16.604339,eusocialSpecies,298.68535201868536,0.0
2026-02-23 16:38:16.604341,aphid,3913.8195252309374,6516.025535044554
2026-02-23 16:38:16.604343,(CausesLink plantVirusSyndrome aphid),868.8034046726073,0.0
2026-02-23 16:38:16.604347,(SimilarityLink aphid fluvalinate),868.8034046726073,0.0
2026-02-23 16:38:16.604350,(SimilarityLink aphid alachlor),868.8034046726073,0.0
2026-02-23 16:38:16.616529,(SimilarityLink aphid alachlor),834.6753921629802,0.0
2026-02-23 16:38:16.616551,(SimilarityLink aphid fluvalinate),834.6753921629802,0.0
2026-02-23 16:38:16.616558,(CausesLink plantVirusSyndrome aphid),834.6753921629802,0.0
2026-02-23 16:38:16.616565,(MemberLink eusocialSpecies ant),939.4186770407741,0.0
2026-02-23 16:38:16.616571,(CausesLink envenomation ant),1054.135847859326,0.0
2026-02-23 16:38:16.616578,(SimilarityLink ant acetamiprid),1207.0595020286955,0.0
2026-02-23 16:38:16.616585,ant,2708.2060612052055,7007.007007007007
2026-02-23 16:38:16.616589,aphid,3185.1255123586006,6516.025535044554
2026-02-23 16:38:16.616593,armyworm,3636.564357591427,6059.4471692256175
2026-02-23 16:38:16.616597,beetwebworm,5634.86128149209,5634.86128149209
2026-02-23 16:38:16.616601,(MemberLink nocturnalSpecies armyworm),346.25412395574955,0.0
2026-02-23 16:38:16.616608,(MemberLink agriculturalPestSpecies armyworm),346.25412395574955,0.0
2026-02-23 16:38:16.616382,(SimilarityLink aphid alachlor),834.6753921629802,0.0
2026-02-23 16:38:16.616410,(SimilarityLink aphid fluvalinate),834.6753921629802,0.0
2026-02-23 16:38:16.616414,(CausesLink plantVirusSyndrome aphid),834.6753921629802,0.0
2026-02-23 16:38:16.616417,(MemberLink eusocialSpecies ant),939.4186770407741,0.0
2026-02-23 16:38:16.616421,(CausesLink envenomation ant),1054.135847859326,0.0
2026-02-23 16:38:16.616424,(SimilarityLink ant acetamiprid),1207.0595020286955,0.0
2026-02-23 16:38:16.616427,ant,2708.2060612052055,7007.007007007007
2026-02-23 16:38:16.616429,aphid,3185.1255123586006,6516.025535044554
2026-02-23 16:38:16.616431,armyworm,3636.564357591427,6059.4471692256175
2026-02-23 16:38:16.616433,beetwebworm,5634.86128149209,5634.86128149209
2026-02-23 16:38:16.616435,(MemberLink nocturnalSpecies armyworm),346.25412395574955,0.0
2026-02-23 16:38:16.616439,(MemberLink agriculturalPestSpecies armyworm),346.25412395574955,0.0
2026-02-23 16:38:16.617843,(SimilarityLink aphid alachlor),834.6753921629802,0.0
2026-02-23 16:38:16.617851,(SimilarityLink aphid fluvalinate),834.6753921629802,0.0
2026-02-23 16:38:16.617855,(CausesLink plantVirusSyndrome aphid),834.6753921629802,0.0
2026-02-23 16:38:16.617858,(MemberLink eusocialSpecies ant),939.4186770407741,0.0
2026-02-23 16:38:16.617862,(CausesLink envenomation ant),1054.135847859326,0.0
2026-02-23 16:38:16.617865,(SimilarityLink ant acetamiprid),1207.0595020286955,0.0
2026-02-23 16:38:16.617868,ant,2708.2060612052055,7007.007007007007
2026-02-23 16:38:16.617870,aphid,3352.060590791197,6516.025535044554
2026-02-23 16:38:16.617872,armyworm,3636.564357591427,6059.4471692256175
2026-02-23 16:38:16.617874,beetwebworm,5634.86128149209,5634.86128149209
2026-02-23 16:38:16.617876,(MemberLink nocturnalSpecies armyworm),346.25412395574955,0.0
2026-02-23 16:38:16.617879,(MemberLink agriculturalPestSpecies armyworm),346.25412395574955,0.0
2026-02-23 16:38:16.617707,(SimilarityLink aphid alachlor),834.6753921629802,0.0
2026-02-23 16:38:16.617716,(SimilarityLink aphid fluvalinate),834.6753921629802,0.0
2026-02-23 16:38:16.617719,(CausesLink plantVirusSyndrome aphid),834.6753921629802,0.0
2026-02-23 16:38:16.617723,(MemberLink eusocialSpecies ant),939.4186770407741,0.0
2026-02-23 16:38:16.617726,(CausesLink envenomation ant),1054.135847859326,0.0
2026-02-23 16:38:16.617729,(SimilarityLink ant acetamiprid),1207.0595020286955,0.0
2026-02-23 16:38:16.617732,ant,2708.2060612052055,7007.007007007007
2026-02-23 16:38:16.617735,aphid,3352.060590791197,6516.025535044554
2026-02-23 16:38:16.617737,armyworm,3636.564357591427,6059.4471692256175
2026-02-23 16:38:16.617739,beetwebworm,5634.86128149209,5634.86128149209
2026-02-23 16:38:16.617741,(MemberLink nocturnalSpecies armyworm),346.25412395574955,0.0
2026-02-23 16:38:16.617744,(MemberLink agriculturalPestSpecies armyworm),346.25412395574955,0.0
2026-02-23 16:38:16.617615,(SimilarityLink aphid alachlor),834.6753921629802,0.0
2026-02-23 16:38:16.617630,(SimilarityLink aphid fluvalinate),834.6753921629802,0.0
2026-02-23 16:38:16.617634,(CausesLink plantVirusSyndrome aphid),834.6753921629802,0.0
2026-02-23 16:38:16.617637,(MemberLink eusocialSpecies ant),939.4186770407741,0.0
2026-02-23 16:38:16.617640,(CausesLink envenomation ant),1054.135847859326,0.0
2026-02-23 16:38:16.617644,(SimilarityLink ant acetamiprid),1207.0595020286955,0.0
2026-02-23 16:38:16.617647,ant,2708.2060612052055,7007.007007007007
2026-02-23 16:38:16.617649,aphid,3352.060590791197,6516.025535044554
2026-02-23 16:38:16.617651,armyworm,3636.564357591427,6059.4471692256175
2026-02-23 16:38:16.617653,beetwebworm,5634.86128149209,5634.86128149209
2026-02-23 16:38:16.617655,(MemberLink nocturnalSpecies armyworm),346.25412395574955,0.0
2026-02-23 16:38:16.617658,(MemberLink agriculturalPestSpecies armyworm),346.25412395574955,0.0
2026-02-23 16:38:16.618230,(SimilarityLink aphid alachlor),667.7403137303842,0.0
2026-02-23 16:38:16.618245,(SimilarityLink aphid fluvalinate),834.6753921629802,0.0
2026-02-23 16:38:16.618249,(CausesLink plantVirusSyndrome aphid),834.6753921629802,0.0
2026-02-23 16:38:16.618253,(MemberLink eusocialSpecies ant),939.4186770407741,0.0
2026-02-23 16:38:16.618256,(CausesLink envenomation ant),1054.135847859326,0.0
2026-02-23 16:38:16.618259,(SimilarityLink ant acetamiprid),1207.0595020286955,0.0
2026-02-23 16:38:16.618263,ant,2708.2060612052055,7007.007007007007
2026-02-23 16:38:16.618265,aphid,3352.060590791197,6516.025535044554
2026-02-23 16:38:16.618267,armyworm,3636.564357591427,6059.4471692256175
2026-02-23 16:38:16.618269,beetwebworm,5634.86128149209,5634.86128149209
2026-02-23 16:38:16.618271,(MemberLink nocturnalSpecies armyworm),346.25412395574955,0.0
2026-02-23 16:38:16.618274,(MemberLink agriculturalPestSpecies armyworm),346.25412395574955,0.0
2026-02-23 16:38:16.629967,(CausesLink plantVirusSyndrome aphid),992.6533316473494,0.0
2026-02-23 16:38:16.629981,(SimilarityLink aphid fluvalinate),992.6533316473494,0.0
2026-02-23 16:38:16.629985,(SimilarityLink aphid alachlor),993.4880070395125,0.0
2026-02-23 16:38:16.629988,(MemberLink eusocialSpecies ant),1008.8437901909367,0.0
2026-02-23 16:38:16.629992,(CausesLink envenomation ant),1077.674092682068,0.0
2026-02-23 16:38:16.629995,(SimilarityLink ant acetamiprid),1169.4282851836895,0.0
2026-02-23 16:38:16.629999,ant,2008.3875968412276,7007.007007007007
2026-02-23 16:38:16.630001,aphid,2213.3164335730257,6516.025535044554
2026-02-23 16:38:16.630003,armyworm,2404.8276364888684,6059.4471692256175
2026-02-23 16:38:16.630005,beetwebworm,3380.9167688952534,5634.86128149209
2026-02-23 16:38:16.630009,spider,5240.026733273559,5240.026156662814
2026-02-23 16:38:16.630015,(MemberLink agriculturalPestSpecies beetwebworm),751.3148375322786,0.0
2026-02-23 16:38:16.630378,(CausesLink plantVirusSyndrome aphid),992.6533316473494,0.0
2026-02-23 16:38:16.630388,(SimilarityLink aphid fluvalinate),992.6533316473494,0.0
2026-02-23 16:38:16.630391,(SimilarityLink aphid alachlor),993.4880070395125,0.0
2026-02-23 16:38:16.630394,(MemberLink eusocialSpecies ant),1008.8437901909367,0.0
2026-02-23 16:38:16.630397,(CausesLink envenomation ant),1077.674092682068,0.0
2026-02-23 16:38:16.630401,(SimilarityLink ant acetamiprid),1169.4282851836895,0.0
2026-02-23 16:38:16.630404,ant,2008.3875968412276,7007.007007007007
2026-02-23 16:38:16.630406,aphid,2213.3164335730257,6516.025535044554
2026-02-23 16:38:16.630409,armyworm,2404.8276364888684,6059.4471692256175
2026-02-23 16:38:16.630411,beetwebworm,3380.9167688952534,5634.86128149209
2026-02-23 16:38:16.630413,spider,5240.026733273559,5240.026156662814
2026-02-23 16:38:16.630415,(MemberLink agriculturalPestSpecies beetwebworm),751.3148375322786,0.0
2026-02-23 16:38:16.630282,(CausesLink plantVirusSyndrome aphid),992.6533316473494,0.0
2026-02-23 16:38:16.630295,(SimilarityLink aphid fluvalinate),992.6533316473494,0.0
2026-02-23 16:38:16.630299,(SimilarityLink aphid alachlor),993.4880070395125,0.0
2026-02-23 16:38:16.630303,(MemberLink eusocialSpecies ant),1008.8437901909367,0.0
2026-02-23 16:38:16.630306,(CausesLink envenomation ant),1077.674092682068,0.0
2026-02-23 16:38:16.630310,(SimilarityLink ant acetamiprid),1169.4282851836895,0.0
2026-02-23 16:38:16.630313,ant,2008.3875968412276,7007.007007007007
2026-02-23 16:38:16.630316,aphid,2213.3164335730257,6516.025535044554
2026-02-23 16:38:16.630318,armyworm,2404.8276364888684,6059.4471692256175
2026-02-23 16:38:16.630320,beetwebworm,3380.9167688952534,5634.86128149209
2026-02-23 16:38:16.630322,spider,5240.026733273559,5240.026156662814
2026-02-23 16:38:16.630324,(MemberLink agriculturalPestSpecies beetwebworm),751.3148375322786,0.0
2026-02-23 16:38:16.629754,(CausesLink plantVirusSyndrome aphid),992.6533316473494,0.0
2026-02-23 16:38:16.629783,(SimilarityLink aphid fluvalinate),992.6533316473494,0.0
2026-02-23 16:38:16.629787,(SimilarityLink aphid alachlor),993.4880070395125,0.0
2026-02-23 16:38:16.629790,(MemberLink eusocialSpecies ant),1008.8437901909367,0.0
2026-02-23 16:38:16.629794,(CausesLink envenomation ant),1077.674092682068,0.0
2026-02-23 16:38:16.629797,(SimilarityLink ant acetamiprid),1169.4282851836895,0.0
2026-02-23 16:38:16.629800,ant,2008.3875968412276,7007.007007007007
2026-02-23 16:38:16.629803,aphid,2213.3164335730257,6516.025535044554
2026-02-23 16:38:16.629805,armyworm,2404.8276364888684,6059.4471692256175
2026-02-23 16:38:16.629807,beetwebworm,3380.9167688952534,5634.86128149209
2026-02-23 16:38:16.629809,spider,5240.026733273559,5240.026156662814
2026-02-23 16:38:16.629811,(MemberLink agriculturalPestSpecies beetwebworm),751.3148375322786,0.0
2026-02-23 16:38:16.629871,(CausesLink plantVirusSyndrome aphid),992.6533316473494,0.0
2026-02-23 16:38:16.629888,(SimilarityLink aphid fluvalinate),992.6533316473494,0.0
2026-02-23 16:38:16.629892,(SimilarityLink aphid alachlor),993.4880070395125,0.0
2026-02-23 16:38:16.629896,(MemberLink eusocialSpecies ant),1008.8437901909367,0.0
2026-02-23 16:38:16.629899,(CausesLink envenomation ant),1077.674092682068,0.0
2026-02-23 16:38:16.629903,(SimilarityLink ant acetamiprid),1169.4282851836895,0.0
2026-02-23 16:38:16.629907,ant,2008.3875968412276,7007.007007007007
2026-02-23 16:38:16.629909,aphid,2213.3164335730257,6516.025535044554
2026-02-23 16:38:16.629911,armyworm,2404.8276364888684,6059.4471692256175
2026-02-23 16:38:16.629913,beetwebworm,3380.9167688952534,5634.86128149209
2026-02-23 16:38:16.629915,spider,5240.026733273559,5240.026156662814
2026-02-23 16:38:16.629917,(MemberLink agriculturalPestSpecies beetwebworm),751.3148375322786,0.0
2026-02-23 16:38:16.630175,(CausesLink plantVirusSyndrome aphid),992.6533316473494,0.0
2026-02-23 16:38:16.630208,(SimilarityLink aphid fluvalinate),992.6533316473494,0.0
2026-02-23 16:38:16.630212,(SimilarityLink aphid alachlor),993.4880070395125,0.0
2026-02-23 16:38:16.630215,(MemberLink eusocialSpecies ant),1008.8437901909367,0.0
2026-02-23 16:38:16.630218,(CausesLink envenomation ant),1077.674092682068,0.0
2026-02-23 16:38:16.630222,(SimilarityLink ant acetamiprid),1169.4282851836895,0.0
2026-02-23 16:38:16.630225,ant,2008.3875968412276,7007.007007007007
2026-02-23 16:38:16.630227,aphid,2213.3164335730257,6516.025535044554
2026-02-23 16:38:16.630229,armyworm,2404.8276364888684,6059.4471692256175
2026-02-23 16:38:16.630231,beetwebworm,3380.9167688952534,5634.86128149209
2026-02-23 16:38:16.630233,spider,5240.026733273559,5240.026156662814
2026-02-23 16:38:16.630235,(MemberLink agriculturalPestSpecies beetwebworm),751.3148375322786,0.0
2026-02-23 16:38:16.644319,(SimilarityLink ant acetamiprid),1055.2497478637447,0.0
2026-02-23 16:38:16.644368,(CausesLink yieldDeclineSyndrome beetwebworm),1202.1037400516457,0.0
2026-02-23 16:38:16.644373,(SimilarityLink beetwebworm fenson),1202.1037400516457,0.0
2026-02-23 16:38:16.644377,armyworm,1444.0780107353696,6059.4471692256175
2026-02-23 16:38:16.644379,ant,1595.1553838505156,7007.007007007007
2026-02-23 16:38:16.644382,aphid,1686.9212575679735,6516.025535044554
2026-02-23 16:38:16.644384,beetwebworm,2268.970809347481,5634.86128149209
2026-02-23 16:38:16.644386,spider,3144.0160399641345,5240.026156662814
2026-02-23 16:38:16.644388,beanpodborer,4872.857692904041,4872.85715669645
2026-02-23 16:38:16.644392,(CausesLink envenomation ant),1000.1972323627718,0.0
2026-02-23 16:38:16.644396,(SimilarityLink aphid alachlor),971.1130927941155,0.0
2026-02-23 16:38:16.644399,(CausesLink plantVirusSyndrome aphid),970.7115528919823,0.0
2026-02-23 16:38:16.644899,(SimilarityLink ant acetamiprid),1055.2497478637447,0.0
2026-02-23 16:38:16.644908,(CausesLink yieldDeclineSyndrome beetwebworm),1202.1037400516457,0.0
2026-02-23 16:38:16.644911,(SimilarityLink beetwebworm fenson),1202.1037400516457,0.0
2026-02-23 16:38:16.644915,armyworm,1444.0780107353696,6059.4471692256175
2026-02-23 16:38:16.644917,ant,1595.1553838505156,7007.007007007007
2026-02-23 16:38:16.644919,aphid,1686.9212575679735,6516.025535044554
2026-02-23 16:38:16.644921,beetwebworm,2268.970809347481,5634.86128149209
2026-02-23 16:38:16.644922,spider,3144.0160399641345,5240.026156662814
2026-02-23 16:38:16.644924,beanpodborer,4872.857692904041,4872.85715669645
2026-02-23 16:38:16.644926,(CausesLink envenomation ant),1000.1972323627718,0.0
2026-02-23 16:38:16.644929,(SimilarityLink aphid alachlor),971.1130927941155,0.0
2026-02-23 16:38:16.644933,(CausesLink plantVirusSyndrome aphid),970.7115528919823,0.0
2026-02-23 16:38:16.644675,(SimilarityLink ant acetamiprid),1055.2497478637447,0.0
2026-02-23 16:38:16.644695,(CausesLink yieldDeclineSyndrome beetwebworm),1202.1037400516457,0.0
2026-02-23 16:38:16.644702,(SimilarityLink beetwebworm fenson),1202.1037400516457,0.0
2026-02-23 16:38:16.644709,armyworm,1444.0780107353696,6059.4471692256175
2026-02-23 16:38:16.644712,ant,1595.1553838505156,7007.007007007007
2026-02-23 16:38:16.644716,aphid,1686.9212575679735,6516.025535044554
2026-02-23 16:38:16.644720,beetwebworm,2268.970809347481,5634.86128149209
2026-02-23 16:38:16.644723,spider,3144.0160399641345,5240.026156662814
2026-02-23 16:38:16.644727,beanpodborer,4872.857692904041,4872.85715669645
2026-02-23 16:38:16.644730,(CausesLink envenomation ant),1000.1972323627718,0.0
2026-02-23 16:38:16.644736,(SimilarityLink aphid alachlor),971.1130927941155,0.0
2026-02-23 16:38:16.644742,(CausesLink plantVirusSyndrome aphid),970.7115528919823,0.0
2026-02-23 16:38:16.644982,(SimilarityLink ant acetamiprid),1055.2497478637447,0.0
2026-02-23 16:38:16.644999,(CausesLink yieldDeclineSyndrome beetwebworm),1202.1037400516457,0.0
2026-02-23 16:38:16.645005,(SimilarityLink beetwebworm fenson),1202.1037400516457,0.0
2026-02-23 16:38:16.645010,armyworm,1444.0780107353696,6059.4471692256175
2026-02-23 16:38:16.645014,ant,1595.1553838505156,7007.007007007007
2026-02-23 16:38:16.645017,aphid,1686.9212575679735,6516.025535044554
2026-02-23 16:38:16.645020,beetwebworm,2268.970809347481,5634.86128149209
2026-02-23 16:38:16.645024,spider,3144.0160399641345,5240.026156662814
2026-02-23 16:38:16.645032,beanpodborer,4872.857692904041,4872.85715669645
2026-02-23 16:38:16.645037,(CausesLink envenomation ant),1000.1972323627718,0.0
2026-02-23 16:38:16.645041,(SimilarityLink aphid alachlor),971.1130927941155,0.0
2026-02-23 16:38:16.645044,(CausesLink plantVirusSyndrome aphid),970.7115528919823,0.0
2026-02-23 16:38:16.645272,(SimilarityLink ant acetamiprid),1055.2497478637447,0.0
2026-02-23 16:38:16.645288,(CausesLink yieldDeclineSyndrome beetwebworm),1202.1037400516457,0.0
2026-02-23 16:38:16.645295,(SimilarityLink beetwebworm fenson),1202.1037400516457,0.0
2026-02-23 16:38:16.645301,armyworm,1444.0780107353696,6059.4471692256175
2026-02-23 16:38:16.645305,ant,1595.1553838505156,7007.007007007007
2026-02-23 16:38:16.645309,aphid,1686.9212575679735,6516.025535044554
2026-02-23 16:38:16.645313,beetwebworm,2268.970809347481,5634.86128149209
2026-02-23 16:38:16.645316,spider,3144.0160399641345,5240.026156662814
2026-02-23 16:38:16.645320,beanpodborer,4872.857692904041,4872.85715669645
2026-02-23 16:38:16.645324,(CausesLink envenomation ant),1000.1972323627718,0.0
2026-02-23 16:38:16.645330,(SimilarityLink aphid alachlor),971.1130927941155,0.0
2026-02-23 16:38:16.645336,(CausesLink plantVirusSyndrome aphid),970.7115528919823,0.0
2026-02-23 16:38:16.644814,(SimilarityLink ant acetamiprid),1055.2497478637447,0.0
2026-02-23 16:38:16.644827,(CausesLink yieldDeclineSyndrome beetwebworm),1202.1037400516457,0.0
2026-02-23 16:38:16.644831,(SimilarityLink beetwebworm fenson),1202.1037400516457,0.0
2026-02-23 16:38:16.644834,armyworm,1444.0780107353696,6059.4471692256175
2026-02-23 16:38:16.644836,ant,1595.1553838505156,7007.007007007007
2026-02-23 16:38:16.644838,aphid,1686.9212575679735,6516.025535044554
2026-02-23 16:38:16.644840,beetwebworm,2268.970809347481,5634.86128149209
2026-02-23 16:38:16.644842,spider,3144.0160399641345,5240.026156662814
2026-02-23 16:38:16.644844,beanpodborer,4872.857692904041,4872.85715669645
2026-02-23 16:38:16.644846,(CausesLink envenomation ant),1000.1972323627718,0.0
2026-02-23 16:38:16.644849,(SimilarityLink aphid alachlor),971.1130927941155,0.0
2026-02-23 16:38:16.644853,(CausesLink plantVirusSyndrome aphid),970.7115528919823,0.0
2026-02-23 16:38:16.656368,(CausesLink yieldDeclineSyndrome beetwebworm),1087.8237444974025,0.0
2026-02-23 16:38:16.656396,(MemberLink agriculturalPestSpecies beetwebworm),1087.8237444974025,0.0
2026-02-23 16:38:16.656400,(SimilarityLink beetwebworm fenson),1087.8237444974025,0.0
2026-02-23 16:38:16.656403,(SimilarityLink aphid fluvalinate),1195.875096158989,0.0
2026-02-23 16:38:16.656406,(MemberLink eusocialSpecies ant),1199.006203166789,0.0
2026-02-23 16:38:16.656410,ant,1331.2510376782902,7007.007007007007
2026-02-23 16:38:16.656412,aphid,1491.6662911455528,6516.025535044554
2026-02-23 16:38:16.656414,beetwebworm,1649.5267520988682,5634.86128149209
2026-02-23 16:38:16.656416,spider,1886.4096239784803,5240.026156662814
2026-02-23 16:38:16.656418,(SimilarityLink beanpodborer lindane),1949.1430771616165,0.0
2026-02-23 16:38:16.656422,beanpodborer,2923.7146157424245,4872.85715669645
2026-02-23 16:38:16.656424,aconite,4531.416212920775,4531.415714285287
2026-02-23 16:38:16.656426,envenomation,1018.5743774962282,0.0
2026-02-23 16:38:16.656428,acetamiprid,969.9275000657856,0.0
2026-02-23 16:38:16.656488,(CausesLink yieldDeclineSyndrome beetwebworm),1087.8237444974025,0.0
2026-02-23 16:38:16.656504,(MemberLink agriculturalPestSpecies beetwebworm),1087.8237444974025,0.0
2026-02-23 16:38:16.656507,(SimilarityLink beetwebworm fenson),1087.8237444974025,0.0
2026-02-23 16:38:16.656511,(SimilarityLink aphid fluvalinate),1195.875096158989,0.0
2026-02-23 16:38:16.656514,(MemberLink eusocialSpecies ant),1199.006203166789,0.0
2026-02-23 16:38:16.656518,ant,1331.2510376782902,7007.007007007007
2026-02-23 16:38:16.656520,aphid,1491.6662911455528,6516.025535044554
2026-02-23 16:38:16.656522,beetwebworm,1649.5267520988682,5634.86128149209
2026-02-23 16:38:16.656524,spider,1886.4096239784803,5240.026156662814
2026-02-23 16:38:16.656526,(SimilarityLink beanpodborer lindane),1949.1430771616165,0.0
2026-02-23 16:38:16.656530,beanpodborer,2923.7146157424245,4872.85715669645
2026-02-23 16:38:16.656532,aconite,4531.416212920775,4531.415714285287
2026-02-23 16:38:16.656534,envenomation,1018.5743774962282,0.0
2026-02-23 16:38:16.656536,acetamiprid,969.9275000657856,0.0
2026-02-23 16:38:16.657068,(CausesLink yieldDeclineSyndrome beetwebworm),1087.8237444974025,0.0
2026-02-23 16:38:16.657081,(MemberLink agriculturalPestSpecies beetwebworm),1087.8237444974025,0.0
2026-02-23 16:38:16.657085,(SimilarityLink beetwebworm fenson),1087.8237444974025,0.0
2026-02-23 16:38:16.657089,(SimilarityLink aphid fluvalinate),1195.875096158989,0.0
2026-02-23 16:38:16.657092,(MemberLink eusocialSpecies ant),1199.006203166789,0.0
2026-02-23 16:38:16.657095,ant,1331.2510376782902,7007.007007007007
2026-02-23 16:38:16.657097,aphid,1491.6662911455528,6516.025535044554
2026-02-23 16:38:16.657099,beetwebworm,1649.5267520988682,5634.86128149209
2026-02-23 16:38:16.657101,spider,1886.4096239784803,5240.026156662814
2026-02-23 16:38:16.657103,(SimilarityLink beanpodborer lindane),1949.1430771616165,0.0
2026-02-23 16:38:16.657106,beanpodborer,2923.7146157424245,4872.85715669645
2026-02-23 16:38:16.657108,aconite,4531.416212920775,4531.415714285287
2026-02-23 16:38:16.657110,envenomation,1018.5743774962282,0.0
2026-02-23 16:38:16.657112,acetamiprid,969.9275000657856,0.0
2026-02-23 16:38:16.656814,(CausesLink yieldDeclineSyndrome beetwebworm),1087.8237444974025,0.0
2026-02-23 16:38:16.656828,(MemberLink agriculturalPestSpecies beetwebworm),1087.8237444974025,0.0
2026-02-23 16:38:16.656832,(SimilarityLink beetwebworm fenson),1087.8237444974025,0.0
2026-02-23 16:38:16.656835,(SimilarityLink aphid fluvalinate),1195.875096158989,0.0
2026-02-23 16:38:16.656839,(MemberLink eusocialSpecies ant),1199.006203166789,0.0
2026-02-23 16:38:16.656842,ant,1331.2510376782902,7007.007007007007
2026-02-23 16:38:16.656844,aphid,1491.6662911455528,6516.025535044554
2026-02-23 16:38:16.656846,beetwebworm,1649.5267520988682,5634.86128149209
2026-02-23 16:38:16.656848,spider,1886.4096239784803,5240.026156662814
2026-02-23 16:38:16.656850,(SimilarityLink beanpodborer lindane),1949.1430771616165,0.0
2026-02-23 16:38:16.656853,beanpodborer,2923.7146157424245,4872.85715669645
2026-02-23 16:38:16.656856,aconite,4531.416212920775,4531.415714285287
2026-02-23 16:38:16.656858,envenomation,1018.5743774962282,0.0
2026-02-23 16:38:16.656860,acetamiprid,969.9275000657856,0.0
2026-02-23 16:38:16.657214,(CausesLink yieldDeclineSyndrome beetwebworm),1087.8237444974025,0.0
2026-02-23 16:38:16.657223,(MemberLink agriculturalPestSpecies beetwebworm),1087.8237444974025,0.0
2026-02-23 16:38:16.657227,(SimilarityLink beetwebworm fenson),1087.8237444974025,0.0
2026-02-23 16:38:16.657230,(SimilarityLink aphid fluvalinate),1195.875096158989,0.0
2026-02-23 16:38:16.657233,(MemberLink eusocialSpecies ant),1199.006203166789,0.0
2026-02-23 16:38:16.657236,ant,1331.2510376782902,7007.007007007007
2026-02-23 16:38:16.657238,aphid,1491.6662911455528,6516.025535044554
2026-02-23 16:38:16.657240,beetwebworm,1649.5267520988682,5634.86128149209
2026-02-23 16:38:16.657242,spider,1886.4096239784803,5240.026156662814
2026-02-23 16:38:16.657244,(SimilarityLink beanpodborer lindane),1949.1430771616165,0.0
2026-02-23 16:38:16.657247,beanpodborer,2923.7146157424245,4872.85715669645
2026-02-23 16:38:16.657249,aconite,4531.416212920775,4531.415714285287
2026-02-23 16:38:16.657251,envenomation,1018.5743774962282,0.0
2026-02-23 16:38:16.657253,acetamiprid,969.9275000657856,0.0
2026-02-23 16:38:16.656907,(CausesLink yieldDeclineSyndrome beetwebworm),1087.8237444974025,0.0
2026-02-23 16:38:16.656916,(MemberLink agriculturalPestSpecies beetwebworm),1087.8237444974025,0.0
2026-02-23 16:38:16.656920,(SimilarityLink beetwebworm fenson),1087.8237444974025,0.0
2026-02-23 16:38:16.656923,(SimilarityLink aphid fluvalinate),1195.875096158989,0.0
2026-02-23 16:38:16.656927,(MemberLink eusocialSpecies ant),1199.006203166789,0.0
2026-02-23 16:38:16.656930,ant,1331.2510376782902,7007.007007007007
2026-02-23 16:38:16.656932,aphid,1491.6662911455528,6516.025535044554
2026-02-23 16:38:16.656934,beetwebworm,1649.5267520988682,5634.86128149209
2026-02-23 16:38:16.656936,spider,1886.4096239784803,5240.026156662814
2026-02-23 16:38:16.656938,(SimilarityLink beanpodborer lindane),1949.1430771616165,0.0
2026-02-23 16:38:16.656941,beanpodborer,2923.7146157424245,4872.85715669645
2026-02-23 16:38:16.656943,aconite,4531.416212920775,4531.415714285287
2026-02-23 16:38:16.656945,envenomation,1018.5743774962282,0.0
2026-02-23 16:38:16.656947,acetamiprid,969.9275000657856,0.0
2026-02-23 16:38:16.671259,(CausesLink envenomation ant),1360.562334810821,0.0
2026-02-23 16:38:16.671287,beetwebworm,1380.6799050316874,5634.86128149209
2026-02-23 16:38:16.671289,(SimilarityLink ant acetamiprid),1472.4678815432553,0.0
2026-02-23 16:38:16.671293,beanpodborer,1988.1259387048485,4872.85715669645
2026-02-23 16:38:16.671295,(SimilarityLink beanpodborer lindane),2494.9031387668692,0.0
2026-02-23 16:38:16.671299,aconite,2718.849727752465,4531.415714285287
2026-02-23 16:38:16.671301,aflatoxin,4229.106226621928,4213.899097668701
2026-02-23 16:38:16.671303,(MemberLink eusocialSpecies spider),1141.7624105401696,0.0
2026-02-23 16:38:16.671307,spider,1131.8457743870886,5240.026156662814
2026-02-23 16:38:16.671309,aphid,1039.2680363289737,6516.025535044554
2026-02-23 16:38:16.671311,(CausesLink parasiticInfection spider),1027.0452397216177,0.0
2026-02-23 16:38:16.671315,(SimilarityLink spider hydramethylnon),1027.0452397216177,0.0
2026-02-23 16:38:16.671378,(CausesLink envenomation ant),1360.562334810821,0.0
2026-02-23 16:38:16.671396,beetwebworm,1380.6799050316874,5634.86128149209
2026-02-23 16:38:16.671398,(SimilarityLink ant acetamiprid),1472.4678815432553,0.0
2026-02-23 16:38:16.671402,beanpodborer,1988.1259387048485,4872.85715669645
2026-02-23 16:38:16.671404,(SimilarityLink beanpodborer lindane),2494.9031387668692,0.0
2026-02-23 16:38:16.671408,aconite,2718.849727752465,4531.415714285287
2026-02-23 16:38:16.671410,aflatoxin,4229.106226621928,4213.899097668701
2026-02-23 16:38:16.671412,(MemberLink eusocialSpecies spider),1141.7624105401696,0.0
2026-02-23 16:38:16.671416,spider,1131.8457743870886,5240.026156662814
2026-02-23 16:38:16.671418,aphid,1039.2680363289737,6516.025535044554
2026-02-23 16:38:16.671420,(CausesLink parasiticInfection spider),1027.0452397216177,0.0
2026-02-23 16:38:16.671423,(SimilarityLink spider hydramethylnon),1027.0452397216177,0.0
2026-02-23 16:38:16.671899,(CausesLink envenomation ant),1360.562334810821,0.0
2026-02-23 16:38:16.671912,beetwebworm,1380.6799050316874,5634.86128149209
2026-02-23 16:38:16.671915,(SimilarityLink ant acetamiprid),1472.4678815432553,0.0
2026-02-23 16:38:16.671918,beanpodborer,1988.1259387048485,4872.85715669645
2026-02-23 16:38:16.671920,(SimilarityLink beanpodborer lindane),2494.9031387668692,0.0
2026-02-23 16:38:16.671924,aconite,2718.849727752465,4531.415714285287
2026-02-23 16:38:16.671926,aflatoxin,4229.106226621928,4213.899097668701
2026-02-23 16:38:16.671928,(MemberLink eusocialSpecies spider),1141.7624105401696,0.0
2026-02-23 16:38:16.671931,spider,1131.8457743870886,5240.026156662814
2026-02-23 16:38:16.671933,aphid,1039.2680363289737,6516.025535044554
2026-02-23 16:38:16.671935,(CausesLink parasiticInfection spider),1027.0452397216177,0.0
2026-02-23 16:38:16.671939,(SimilarityLink spider hydramethylnon),1027.0452397216177,0.0
2026-02-23 16:38:16.672134,(CausesLink envenomation ant),1360.562334810821,0.0
2026-02-23 16:38:16.672147,beetwebworm,1380.6799050316874,5634.86128149209
2026-02-23 16:38:16.672150,(SimilarityLink ant acetamiprid),1472.4678815432553,0.0
2026-02-23 16:38:16.672153,beanpodborer,1988.1259387048485,4872.85715669645
2026-02-23 16:38:16.672155,(SimilarityLink beanpodborer lindane),2494.9031387668692,0.0
2026-02-23 16:38:16.672159,aconite,2718.849727752465,4531.415714285287
2026-02-23 16:38:16.672161,aflatoxin,4229.106226621928,4213.899097668701
2026-02-23 16:38:16.672163,(MemberLink eusocialSpecies spider),1141.7624105401696,0.0
2026-02-23 16:38:16.672166,spider,1131.8457743870886,5240.026156662814
2026-02-23 16:38:16.672168,aphid,1039.2680363289737,6516.025535044554
2026-02-23 16:38:16.672170,(CausesLink parasiticInfection spider),1027.0452397216177,0.0
2026-02-23 16:38:16.672173,(SimilarityLink spider hydramethylnon),1027.0452397216177,0.0
2026-02-23 16:38:16.672219,(CausesLink envenomation ant),1360.562334810821,0.0
2026-02-23 16:38:16.672228,beetwebworm,1380.6799050316874,5634.86128149209
2026-02-23 16:38:16.672230,(SimilarityLink ant acetamiprid),1472.4678815432553,0.0
2026-02-23 16:38:16.672233,beanpodborer,1988.1259387048485,4872.85715669645
2026-02-23 16:38:16.672235,(SimilarityLink beanpodborer lindane),2494.9031387668692,0.0
2026-02-23 16:38:16.672239,aconite,2718.849727752465,4531.415714285287
2026-02-23 16:38:16.672241,aflatoxin,4229.106226621928,4213.899097668701
2026-02-23 16:38:16.672243,(MemberLink eusocialSpecies spider),1141.7624105401696,0.0
2026-02-23 16:38:16.672246,spider,1131.8457743870886,5240.026156662814
2026-02-23 16:38:16.672248,aphid,1039.2680363289737,6516.025535044554
2026-02-23 16:38:16.672250,(CausesLink parasiticInfection spider),1027.0452397216177,0.0
2026-02-23 16:38:16.672253,(SimilarityLink spider hydramethylnon),1027.0452397216177,0.0
2026-02-23 16:38:16.672004,(CausesLink envenomation ant),1360.562334810821,0.0
2026-02-23 16:38:16.672019,beetwebworm,1380.6799050316874,5634.86128149209
2026-02-23 16:38:16.672023,(SimilarityLink ant acetamiprid),1472.4678815432553,0.0
2026-02-23 16:38:16.672041,beanpodborer,1988.1259387048485,4872.85715669645
2026-02-23 16:38:16.672045,(SimilarityLink beanpodborer lindane),2494.9031387668692,0.0
2026-02-23 16:38:16.672051,aconite,2718.849727752465,4531.415714285287
2026-02-23 16:38:16.672055,aflatoxin,4229.106226621928,4213.899097668701
2026-02-23 16:38:16.672059,(MemberLink eusocialSpecies spider),1141.7624105401696,0.0
2026-02-23 16:38:16.672065,spider,1131.8457743870886,5240.026156662814
2026-02-23 16:38:16.672068,aphid,1039.2680363289737,6516.025535044554
2026-02-23 16:38:16.672072,(CausesLink parasiticInfection spider),1027.0452397216177,0.0
2026-02-23 16:38:16.672078,(SimilarityLink spider hydramethylnon),1027.0452397216177,0.0
2026-02-23 16:38:16.683277,(SimilarityLink spider abamectin),1163.06506537113,0.0
2026-02-23 16:38:16.683293,eusocialSpecies,1201.9494995843413,0.0
2026-02-23 16:38:16.683296,spider,1281.3449800455253,5240.026156662814
2026-02-23 16:38:16.683298,ant,1507.997761757275,7007.007007007007
2026-02-23 16:38:16.683300,aconite,1631.3098366514791,4531.415714285287
2026-02-23 16:38:16.683302,beanpodborer,1850.9062660726709,4872.85715669645
2026-02-23 16:38:16.683304,(SimilarityLink beanpodborer lindane),1974.092108549285,0.0
2026-02-23 16:38:16.683308,aflatoxin,2537.463735973156,4213.899097668701
2026-02-23 16:38:16.683310,alcohol,3932.7724569887596,3918.6308926268503
2026-02-23 16:38:16.683312,(CausesLink yieldDeclineSyndrome beetwebworm),1144.6904811208722,0.0
2026-02-23 16:38:16.683316,(MemberLink agriculturalPestSpecies beetwebworm),1143.6026573763747,0.0
2026-02-23 16:38:16.683319,(SimilarityLink beetwebworm fenson),1143.6026573763747,0.0
2026-02-23 16:38:16.683121,(SimilarityLink spider abamectin),1163.06506537113,0.0
2026-02-23 16:38:16.683160,eusocialSpecies,1201.9494995843413,0.0
2026-02-23 16:38:16.683165,spider,1281.3449800455253,5240.026156662814
2026-02-23 16:38:16.683169,ant,1507.997761757275,7007.007007007007
2026-02-23 16:38:16.683173,aconite,1631.3098366514791,4531.415714285287
2026-02-23 16:38:16.683178,beanpodborer,1850.9062660726709,4872.85715669645
2026-02-23 16:38:16.683182,(SimilarityLink beanpodborer lindane),1974.092108549285,0.0
2026-02-23 16:38:16.683189,aflatoxin,2537.463735973156,4213.899097668701
2026-02-23 16:38:16.683193,alcohol,3932.7724569887596,3918.6308926268503
2026-02-23 16:38:16.683198,(CausesLink yieldDeclineSyndrome beetwebworm),1144.6904811208722,0.0
2026-02-23 16:38:16.683204,(MemberLink agriculturalPestSpecies beetwebworm),1143.6026573763747,0.0
2026-02-23 16:38:16.683211,(SimilarityLink beetwebworm fenson),1143.6026573763747,0.0
2026-02-23 16:38:16.683955,(SimilarityLink spider abamectin),1163.06506537113,0.0
2026-02-23 16:38:16.683967,eusocialSpecies,1201.9494995843413,0.0
2026-02-23 16:38:16.683970,spider,1281.3449800455253,5240.026156662814
2026-02-23 16:38:16.683974,ant,1507.997761757275,7007.007007007007
2026-02-23 16:38:16.683977,aconite,1631.3098366514791,4531.415714285287
2026-02-23 16:38:16.683981,beanpodborer,1850.9062660726709,4872.85715669645
2026-02-23 16:38:16.683985,(SimilarityLink beanpodborer lindane),1974.092108549285,0.0
2026-02-23 16:38:16.683989,aflatoxin,2537.463735973156,4213.899097668701
2026-02-23 16:38:16.683991,alcohol,3932.7724569887596,3918.6308926268503
2026-02-23 16:38:16.683993,(CausesLink yieldDeclineSyndrome beetwebworm),1144.6904811208722,0.0
2026-02-23 16:38:16.683997,(MemberLink agriculturalPestSpecies beetwebworm),1143.6026573763747,0.0
2026-02-23 16:38:16.684000,(SimilarityLink beetwebworm fenson),1143.6026573763747,0.0
2026-02-23 16:38:16.683863,(SimilarityLink spider abamectin),1163.06506537113,0.0
2026-02-23 16:38:16.683876,eusocialSpecies,1201.9494995843413,0.0
2026-02-23 16:38:16.683878,spider,1281.3449800455253,5240.026156662814
2026-02-23 16:38:16.683880,ant,1507.997761757275,7007.007007007007
2026-02-23 16:38:16.683882,aconite,1631.3098366514791,4531.415714285287
2026-02-23 16:38:16.683884,beanpodborer,1850.9062660726709,4872.85715669645
2026-02-23 16:38:16.683886,(SimilarityLink beanpodborer lindane),1974.092108549285,0.0
2026-02-23 16:38:16.683889,aflatoxin,2537.463735973156,4213.899097668701
2026-02-23 16:38:16.683891,alcohol,3932.7724569887596,3918.6308926268503
2026-02-23 16:38:16.683893,(CausesLink yieldDeclineSyndrome beetwebworm),1144.6904811208722,0.0
2026-02-23 16:38:16.683896,(MemberLink agriculturalPestSpecies beetwebworm),1143.6026573763747,0.0
2026-02-23 16:38:16.683899,(SimilarityLink beetwebworm fenson),1143.6026573763747,0.0
2026-02-23 16:38:16.684148,(SimilarityLink spider abamectin),1163.06506537113,0.0
2026-02-23 16:38:16.684157,eusocialSpecies,1201.9494995843413,0.0
2026-02-23 16:38:16.684160,spider,1281.3449800455253,5240.026156662814
2026-02-23 16:38:16.684162,ant,1507.997761757275,7007.007007007007
2026-02-23 16:38:16.684164,aconite,1631.3098366514791,4531.415714285287
2026-02-23 16:38:16.684166,beanpodborer,1850.9062660726709,4872.85715669645
2026-02-23 16:38:16.684168,(SimilarityLink beanpodborer lindane),1974.092108549285,0.0
2026-02-23 16:38:16.684172,aflatoxin,2537.463735973156,4213.899097668701
2026-02-23 16:38:16.684174,alcohol,3932.7724569887596,3918.6308926268503
2026-02-23 16:38:16.684176,(CausesLink yieldDeclineSyndrome beetwebworm),1144.6904811208722,0.0
2026-02-23 16:38:16.684180,(MemberLink agriculturalPestSpecies beetwebworm),1143.6026573763747,0.0
2026-02-23 16:38:16.684183,(SimilarityLink beetwebworm fenson),1143.6026573763747,0.0
2026-02-23 16:38:16.684055,(SimilarityLink spider abamectin),1163.06506537113,0.0
2026-02-23 16:38:16.684069,eusocialSpecies,1201.9494995843413,0.0
2026-02-23 16:38:16.684072,spider,1281.3449800455253,5240.026156662814
2026-02-23 16:38:16.684074,ant,1507.997761757275,7007.007007007007
2026-02-23 16:38:16.684076,aconite,1631.3098366514791,4531.415714285287
2026-02-23 16:38:16.684078,beanpodborer,1850.9062660726709,4872.85715669645
2026-02-23 16:38:16.684080,(SimilarityLink beanpodborer lindane),1974.092108549285,0.0
2026-02-23 16:38:16.684084,aflatoxin,2537.463735973156,4213.899097668701
2026-02-23 16:38:16.684086,alcohol,3932.7724569887596,3918.6308926268503
2026-02-23 16:38:16.684089,(CausesLink yieldDeclineSyndrome beetwebworm),1144.6904811208722,0.0
2026-02-23 16:38:16.684092,(MemberLink agriculturalPestSpecies beetwebworm),1143.6026573763747,0.0
2026-02-23 16:38:16.684096,(SimilarityLink beetwebworm fenson),1143.6026573763747,0.0
2026-02-23 16:38:16.696616,(MemberLink toxicPlantSpecies aconite),1184.210103643296,0.0
2026-02-23 16:38:16.696664,(CausesLink poisoning aconite),1184.210103643296,0.0
2026-02-23 16:38:16.696670,(SimilarityLink aconite aldrin),1184.210103643296,0.0
2026-02-23 16:38:16.696676,(MemberLink eusocialSpecies spider),1212.2619964526655,0.0
2026-02-23 16:38:16.696682,(MemberLink eusocialSpecies ant),1368.7063023963162,0.0
2026-02-23 16:38:16.696688,beetwebworm,1513.6429556244884,5634.86128149209
2026-02-23 16:38:16.696692,aflatoxin,1522.4782415838936,4213.899097668701
2026-02-23 16:38:16.696696,(SimilarityLink beanpodborer lindane),1628.6727689870122,0.0
2026-02-23 16:38:16.696702,lindane,1590.7502412777558,0.0
2026-02-23 16:38:16.696706,beanpodborer,1653.4346826392732,4872.85715669645
2026-02-23 16:38:16.696709,alcohol,2359.663474193256,3918.6308926268503
2026-02-23 16:38:16.696713,ammonia,3657.202815357916,3644.0521514017455
2026-02-23 16:38:16.696718,(SimilarityLink aphid alachlor),1087.5824744387926,0.0
2026-02-23 16:38:16.696726,(CausesLink plantVirusSyndrome aphid),1087.3415504975126,0.0
2026-02-23 16:38:16.696732,(SimilarityLink aphid fluvalinate),1087.2200003316295,0.0
2026-02-23 16:38:16.696739,(SimilarityLink ant acetamiprid),1085.1891217207915,0.0
2026-02-23 16:38:16.696817,(MemberLink toxicPlantSpecies aconite),1184.210103643296,0.0
2026-02-23 16:38:16.696835,(CausesLink poisoning aconite),1184.210103643296,0.0
2026-02-23 16:38:16.696838,(SimilarityLink aconite aldrin),1184.210103643296,0.0
2026-02-23 16:38:16.696842,(MemberLink eusocialSpecies spider),1212.2619964526655,0.0
2026-02-23 16:38:16.696845,(MemberLink eusocialSpecies ant),1368.7063023963162,0.0
2026-02-23 16:38:16.696849,beetwebworm,1513.6429556244884,5634.86128149209
2026-02-23 16:38:16.696851,aflatoxin,1522.4782415838936,4213.899097668701
2026-02-23 16:38:16.696853,(SimilarityLink beanpodborer lindane),1628.6727689870122,0.0
2026-02-23 16:38:16.696856,lindane,1590.7502412777558,0.0
2026-02-23 16:38:16.696859,beanpodborer,1653.4346826392732,4872.85715669645
2026-02-23 16:38:16.696861,alcohol,2359.663474193256,3918.6308926268503
2026-02-23 16:38:16.696863,ammonia,3657.202815357916,3644.0521514017455
2026-02-23 16:38:16.696865,(SimilarityLink aphid alachlor),1087.5824744387926,0.0
2026-02-23 16:38:16.696868,(CausesLink plantVirusSyndrome aphid),1087.3415504975126,0.0
2026-02-23 16:38:16.696871,(SimilarityLink aphid fluvalinate),1087.2200003316295,0.0
2026-02-23 16:38:16.696875,(SimilarityLink ant acetamiprid),1085.1891217207915,0.0
2026-02-23 16:38:16.697366,(MemberLink toxicPlantSpecies aconite),1184.210103643296,0.0
2026-02-23 16:38:16.697379,(CausesLink poisoning aconite),1184.210103643296,0.0
2026-02-23 16:38:16.697383,(SimilarityLink aconite aldrin),1184.210103643296,0.0
2026-02-23 16:38:16.697387,(MemberLink eusocialSpecies spider),1212.2619964526655,0.0
2026-02-23 16:38:16.697390,(MemberLink eusocialSpecies ant),1368.7063023963162,0.0
2026-02-23 16:38:16.697394,beetwebworm,1513.6429556244884,5634.86128149209
2026-02-23 16:38:16.697397,aflatoxin,1522.4782415838936,4213.899097668701
2026-02-23 16:38:16.697400,(SimilarityLink beanpodborer lindane),1628.6727689870122,0.0
2026-02-23 16:38:16.697405,lindane,1590.7502412777558,0.0
2026-02-23 16:38:16.697409,beanpodborer,1653.4346826392732,4872.85715669645
2026-02-23 16:38:16.697412,alcohol,2359.663474193256,3918.6308926268503
2026-02-23 16:38:16.697415,ammonia,3657.202815357916,3644.0521514017455
2026-02-23 16:38:16.697417,(SimilarityLink aphid alachlor),1087.5824744387926,0.0
2026-02-23 16:38:16.697420,(CausesLink plantVirusSyndrome aphid),1087.3415504975126,0.0
2026-02-23 16:38:16.697424,(SimilarityLink aphid fluvalinate),1087.2200003316295,0.0
2026-02-23 16:38:16.697427,(SimilarityLink ant acetamiprid),1085.1891217207915,0.0
2026-02-23 16:38:16.697482,(MemberLink toxicPlantSpecies aconite),1184.210103643296,0.0
2026-02-23 16:38:16.697492,(CausesLink poisoning aconite),1184.210103643296,0.0
2026-02-23 16:38:16.697497,(SimilarityLink aconite aldrin),1184.210103643296,0.0
2026-02-23 16:38:16.697503,(MemberLink eusocialSpecies spider),1212.2619964526655,0.0
2026-02-23 16:38:16.697506,(MemberLink eusocialSpecies ant),1368.7063023963162,0.0
2026-02-23 16:38:16.697509,beetwebworm,1513.6429556244884,5634.86128149209
2026-02-23 16:38:16.697512,aflatoxin,1522.4782415838936,4213.899097668701
2026-02-23 16:38:16.697514,(SimilarityLink beanpodborer lindane),1628.6727689870122,0.0
2026-02-23 16:38:16.697519,lindane,1590.7502412777558,0.0
2026-02-23 16:38:16.697521,beanpodborer,1653.4346826392732,4872.85715669645
2026-02-23 16:38:16.697523,alcohol,2359.663474193256,3918.6308926268503
2026-02-23 16:38:16.697525,ammonia,3657.202815357916,3644.0521514017455
2026-02-23 16:38:16.697527,(SimilarityLink aphid alachlor),1087.5824744387926,0.0
2026-02-23 16:38:16.697530,(CausesLink plantVirusSyndrome aphid),1087.3415504975126,0.0
2026-02-23 16:38:16.697534,(SimilarityLink aphid fluvalinate),1087.2200003316295,0.0
2026-02-23 16:38:16.697537,(SimilarityLink ant acetamiprid),1085.1891217207915,0.0
2026-02-23 16:38:16.697260,(MemberLink toxicPlantSpecies aconite),1184.210103643296,0.0
2026-02-23 16:38:16.697274,(CausesLink poisoning aconite),1184.210103643296,0.0
2026-02-23 16:38:16.697278,(SimilarityLink aconite aldrin),1184.210103643296,0.0
2026-02-23 16:38:16.697281,(MemberLink eusocialSpecies spider),1212.2619964526655,0.0
2026-02-23 16:38:16.697284,(MemberLink eusocialSpecies ant),1368.7063023963162,0.0
2026-02-23 16:38:16.697287,beetwebworm,1513.6429556244884,5634.86128149209
2026-02-23 16:38:16.697289,aflatoxin,1522.4782415838936,4213.899097668701
2026-02-23 16:38:16.697291,(SimilarityLink beanpodborer lindane),1628.6727689870122,0.0
2026-02-23 16:38:16.697294,lindane,1590.7502412777558,0.0
2026-02-23 16:38:16.697296,beanpodborer,1653.4346826392732,4872.85715669645
2026-02-23 16:38:16.697298,alcohol,2359.663474193256,3918.6308926268503
2026-02-23 16:38:16.697300,ammonia,3657.202815357916,3644.0521514017455
2026-02-23 16:38:16.697302,(SimilarityLink aphid alachlor),1087.5824744387926,0.0
2026-02-23 16:38:16.697305,(CausesLink plantVirusSyndrome aphid),1087.3415504975126,0.0
2026-02-23 16:38:16.697308,(SimilarityLink aphid fluvalinate),1087.2200003316295,0.0
2026-02-23 16:38:16.697311,(SimilarityLink ant acetamiprid),1085.1891217207915,0.0
2026-02-23 16:38:16.697862,(MemberLink toxicPlantSpecies aconite),1184.210103643296,0.0
2026-02-23 16:38:16.697875,(CausesLink poisoning aconite),1184.210103643296,0.0
2026-02-23 16:38:16.697881,(SimilarityLink aconite aldrin),1184.210103643296,0.0
2026-02-23 16:38:16.697887,(MemberLink eusocialSpecies spider),1212.2619964526655,0.0
2026-02-23 16:38:16.697893,(MemberLink eusocialSpecies ant),1368.7063023963162,0.0
2026-02-23 16:38:16.697897,beetwebworm,1513.6429556244884,5634.86128149209
2026-02-23 16:38:16.697899,aflatoxin,1522.4782415838936,4213.899097668701
2026-02-23 16:38:16.697901,(SimilarityLink beanpodborer lindane),1628.6727689870122,0.0
2026-02-23 16:38:16.697904,lindane,1590.7502412777558,0.0
2026-02-23 16:38:16.697906,beanpodborer,1653.4346826392732,4872.85715669645
2026-02-23 16:38:16.697908,alcohol,2359.663474193256,3918.6308926268503
2026-02-23 16:38:16.697911,ammonia,3657.202815357916,3644.0521514017455
2026-02-23 16:38:16.697915,(SimilarityLink aphid alachlor),1087.5824744387926,0.0
2026-02-23 16:38:16.697921,(CausesLink plantVirusSyndrome aphid),1087.3415504975126,0.0
2026-02-23 16:38:16.697927,(SimilarityLink aphid fluvalinate),1087.2200003316295,0.0
2026-02-23 16:38:16.697934,(SimilarityLink ant acetamiprid),1085.1891217207915,0.0
2026-02-23 16:38:16.713126,aphid,1277.2258196126454,6516.025535044554
2026-02-23 16:38:16.713145,beanpodborer,1187.5015418620053,4872.85715669645
2026-02-23 16:38:16.713148,eusocialSpecies,1237.3633595204012,0.0
2026-02-23 16:38:16.713150,ant,1394.6641375239028,7007.007007007007
2026-02-23 16:38:16.713152,alcohol,1416.5140599944261,3918.6308926268503
2026-02-23 16:38:16.713154,aconite,1688.7198591250437,4531.415714285287
2026-02-23 16:38:16.713156,ammonia,2194.3216892147493,3644.0521514017455
2026-02-23 16:38:16.713158,(SimilarityLink beanpodborer lindane),2535.465273996941,0.0
2026-02-23 16:38:16.713169,arsenic,3400.942357825328,3388.7131618140356
2026-02-23 16:38:16.713171,spider,1150.8271951623838,5240.026156662814
2026-02-23 16:38:16.713173,lindane,1149.8908770450948,0.0
2026-02-23 16:38:16.713175,alachlor,1100.6792653280575,0.0
2026-02-23 16:38:16.713228,aphid,1277.2258196126454,6516.025535044554
2026-02-23 16:38:16.713240,beanpodborer,1187.5015418620053,4872.85715669645
2026-02-23 16:38:16.713243,eusocialSpecies,1237.3633595204012,0.0
2026-02-23 16:38:16.713245,ant,1394.6641375239028,7007.007007007007
2026-02-23 16:38:16.713247,alcohol,1416.5140599944261,3918.6308926268503
2026-02-23 16:38:16.713249,aconite,1688.7198591250437,4531.415714285287
2026-02-23 16:38:16.713251,ammonia,2194.3216892147493,3644.0521514017455
2026-02-23 16:38:16.713253,(SimilarityLink beanpodborer lindane),2535.465273996941,0.0
2026-02-23 16:38:16.713260,arsenic,3400.942357825328,3388.7131618140356
2026-02-23 16:38:16.713262,spider,1150.8271951623838,5240.026156662814
2026-02-23 16:38:16.713264,lindane,1149.8908770450948,0.0
2026-02-23 16:38:16.713267,alachlor,1100.6792653280575,0.0
2026-02-23 16:38:16.714140,aphid,1277.2258196126454,6516.025535044554
2026-02-23 16:38:16.714146,beanpodborer,1187.5015418620053,4872.85715669645
2026-02-23 16:38:16.714148,eusocialSpecies,1237.3633595204012,0.0
2026-02-23 16:38:16.714149,ant,1394.6641375239028,7007.007007007007
2026-02-23 16:38:16.714151,alcohol,1416.5140599944261,3918.6308926268503
2026-02-23 16:38:16.714153,aconite,1688.7198591250437,4531.415714285287
2026-02-23 16:38:16.714155,ammonia,2194.3216892147493,3644.0521514017455
2026-02-23 16:38:16.714157,(SimilarityLink beanpodborer lindane),2535.465273996941,0.0
2026-02-23 16:38:16.714162,arsenic,3400.942357825328,3388.7131618140356
2026-02-23 16:38:16.714164,spider,1150.8271951623838,5240.026156662814
2026-02-23 16:38:16.714166,lindane,1149.8908770450948,0.0
2026-02-23 16:38:16.714168,alachlor,1100.6792653280575,0.0
2026-02-23 16:38:16.714283,aphid,1277.2258196126454,6516.025535044554
2026-02-23 16:38:16.714289,beanpodborer,1187.5015418620053,4872.85715669645
2026-02-23 16:38:16.714291,eusocialSpecies,1237.3633595204012,0.0
2026-02-23 16:38:16.714293,ant,1394.6641375239028,7007.007007007007
2026-02-23 16:38:16.714294,alcohol,1416.5140599944261,3918.6308926268503
2026-02-23 16:38:16.714296,aconite,1688.7198591250437,4531.415714285287
2026-02-23 16:38:16.714298,ammonia,2194.3216892147493,3644.0521514017455
2026-02-23 16:38:16.714300,(SimilarityLink beanpodborer lindane),2535.465273996941,0.0
2026-02-23 16:38:16.714305,arsenic,3400.942357825328,3388.7131618140356
2026-02-23 16:38:16.714307,spider,1150.8271951623838,5240.026156662814
2026-02-23 16:38:16.714309,lindane,1149.8908770450948,0.0
2026-02-23 16:38:16.714311,alachlor,1100.6792653280575,0.0
2026-02-23 16:38:16.714055,aphid,1277.2258196126454,6516.025535044554
2026-02-23 16:38:16.714065,beanpodborer,1187.5015418620053,4872.85715669645
2026-02-23 16:38:16.714067,eusocialSpecies,1237.3633595204012,0.0
2026-02-23 16:38:16.714069,ant,1394.6641375239028,7007.007007007007
2026-02-23 16:38:16.714071,alcohol,1416.5140599944261,3918.6308926268503
2026-02-23 16:38:16.714073,aconite,1688.7198591250437,4531.415714285287
2026-02-23 16:38:16.714075,ammonia,2194.3216892147493,3644.0521514017455
2026-02-23 16:38:16.714077,(SimilarityLink beanpodborer lindane),2535.465273996941,0.0
2026-02-23 16:38:16.714082,arsenic,3400.942357825328,3388.7131618140356
2026-02-23 16:38:16.714085,spider,1150.8271951623838,5240.026156662814
2026-02-23 16:38:16.714086,lindane,1149.8908770450948,0.0
2026-02-23 16:38:16.714088,alachlor,1100.6792653280575,0.0
2026-02-23 16:38:16.714210,aphid,1277.2258196126454,6516.025535044554
2026-02-23 16:38:16.714219,beanpodborer,1187.5015418620053,4872.85715669645
2026-02-23 16:38:16.714221,eusocialSpecies,1237.3633595204012,0.0
2026-02-23 16:38:16.714223,ant,1394.6641375239028,7007.007007007007
2026-02-23 16:38:16.714225,alcohol,1416.5140599944261,3918.6308926268503
2026-02-23 16:38:16.714227,aconite,1688.7198591250437,4531.415714285287
2026-02-23 16:38:16.714229,ammonia,2194.3216892147493,3644.0521514017455
2026-02-23 16:38:16.714231,(SimilarityLink beanpodborer lindane),2535.465273996941,0.0
2026-02-23 16:38:16.714237,arsenic,3400.942357825328,3388.7131618140356
2026-02-23 16:38:16.714239,spider,1150.8271951623838,5240.026156662814
2026-02-23 16:38:16.714241,lindane,1149.8908770450948,0.0
2026-02-23 16:38:16.714243,alachlor,1100.6792653280575,0.0
2026-02-23 16:38:16.725511,(SimilarityLink aphid alachlor),1263.3897717429343,0.0
2026-02-23 16:38:16.725538,(SimilarityLink aconite aldrin),1172.5307307979758,0.0
2026-02-23 16:38:16.725542,(MemberLink eusocialSpecies ant),1253.1547121974595,0.0
2026-02-23 16:38:16.725546,(CausesLink envenomation ant),1203.9050764465137,0.0
2026-02-23 16:38:16.725550,beanpodborer,1314.3566029571793,4872.85715669645
2026-02-23 16:38:16.725552,ammonia,1316.59301352885,3644.0521514017455
2026-02-23 16:38:16.725554,arsenic,2040.5654146951965,3388.7131618140356
2026-02-23 16:38:16.725556,(SimilarityLink beanpodborer lindane),2506.2656554739574,0.0
2026-02-23 16:38:16.725559,aspirin,3162.638088508239,3151.2657931183576
2026-02-23 16:38:16.725562,plantVirusSyndrome,1100.3342048143597,0.0
2026-02-23 16:38:16.725564,fluvalinate,1098.8962013699102,0.0
2026-02-23 16:38:16.725566,acetamiprid,1091.334647837868,0.0
2026-02-23 16:38:16.725623,(SimilarityLink aphid alachlor),1263.3897717429343,0.0
2026-02-23 16:38:16.725641,(SimilarityLink aconite aldrin),1172.5307307979758,0.0
2026-02-23 16:38:16.725646,(MemberLink eusocialSpecies ant),1253.1547121974595,0.0
2026-02-23 16:38:16.725649,(CausesLink envenomation ant),1203.9050764465137,0.0
2026-02-23 16:38:16.725653,beanpodborer,1314.3566029571793,4872.85715669645
2026-02-23 16:38:16.725655,ammonia,1316.59301352885,3644.0521514017455
2026-02-23 16:38:16.725657,arsenic,2040.5654146951965,3388.7131618140356
2026-02-23 16:38:16.725659,(SimilarityLink beanpodborer lindane),2506.2656554739574,0.0
2026-02-23 16:38:16.725663,aspirin,3162.638088508239,3151.2657931183576
2026-02-23 16:38:16.725665,plantVirusSyndrome,1100.3342048143597,0.0
2026-02-23 16:38:16.725667,fluvalinate,1098.8962013699102,0.0
2026-02-23 16:38:16.725669,acetamiprid,1091.334647837868,0.0
2026-02-23 16:38:16.726650,(SimilarityLink aphid alachlor),1263.3897717429343,0.0
2026-02-23 16:38:16.726659,(SimilarityLink aconite aldrin),1172.5307307979758,0.0
2026-02-23 16:38:16.726662,(MemberLink eusocialSpecies ant),1253.1547121974595,0.0
2026-02-23 16:38:16.726665,(CausesLink envenomation ant),1203.9050764465137,0.0
2026-02-23 16:38:16.726668,beanpodborer,1314.3566029571793,4872.85715669645
2026-02-23 16:38:16.726671,ammonia,1316.59301352885,3644.0521514017455
2026-02-23 16:38:16.726672,arsenic,2040.5654146951965,3388.7131618140356
2026-02-23 16:38:16.726674,(SimilarityLink beanpodborer lindane),2506.2656554739574,0.0
2026-02-23 16:38:16.726678,aspirin,3162.638088508239,3151.2657931183576
2026-02-23 16:38:16.726680,plantVirusSyndrome,1100.3342048143597,0.0
2026-02-23 16:38:16.726682,fluvalinate,1098.8962013699102,0.0
2026-02-23 16:38:16.726683,acetamiprid,1091.334647837868,0.0
2026-02-23 16:38:16.726548,(SimilarityLink aphid alachlor),1263.3897717429343,0.0
2026-02-23 16:38:16.726561,(SimilarityLink aconite aldrin),1172.5307307979758,0.0
2026-02-23 16:38:16.726565,(MemberLink eusocialSpecies ant),1253.1547121974595,0.0
2026-02-23 16:38:16.726568,(CausesLink envenomation ant),1203.9050764465137,0.0
2026-02-23 16:38:16.726571,beanpodborer,1314.3566029571793,4872.85715669645
2026-02-23 16:38:16.726574,ammonia,1316.59301352885,3644.0521514017455
2026-02-23 16:38:16.726576,arsenic,2040.5654146951965,3388.7131618140356
2026-02-23 16:38:16.726578,(SimilarityLink beanpodborer lindane),2506.2656554739574,0.0
2026-02-23 16:38:16.726581,aspirin,3162.638088508239,3151.2657931183576
2026-02-23 16:38:16.726583,plantVirusSyndrome,1100.3342048143597,0.0
2026-02-23 16:38:16.726585,fluvalinate,1098.8962013699102,0.0
2026-02-23 16:38:16.726587,acetamiprid,1091.334647837868,0.0
2026-02-23 16:38:16.726436,(SimilarityLink aphid alachlor),1263.3897717429343,0.0
2026-02-23 16:38:16.726456,(SimilarityLink aconite aldrin),1172.5307307979758,0.0
2026-02-23 16:38:16.726463,(MemberLink eusocialSpecies ant),1253.1547121974595,0.0
2026-02-23 16:38:16.726469,(CausesLink envenomation ant),1203.9050764465137,0.0
2026-02-23 16:38:16.726475,beanpodborer,1314.3566029571793,4872.85715669645
2026-02-23 16:38:16.726478,ammonia,1316.59301352885,3644.0521514017455
2026-02-23 16:38:16.726482,arsenic,2040.5654146951965,3388.7131618140356
2026-02-23 16:38:16.726485,(SimilarityLink beanpodborer lindane),2506.2656554739574,0.0
2026-02-23 16:38:16.726490,aspirin,3162.638088508239,3151.2657931183576
2026-02-23 16:38:16.726494,plantVirusSyndrome,1100.3342048143597,0.0
2026-02-23 16:38:16.726497,fluvalinate,1098.8962013699102,0.0
2026-02-23 16:38:16.726500,acetamiprid,1091.334647837868,0.0
2026-02-23 16:38:16.727063,(SimilarityLink aphid alachlor),1263.3897717429343,0.0
2026-02-23 16:38:16.727077,(SimilarityLink aconite aldrin),1172.5307307979758,0.0
2026-02-23 16:38:16.727084,(MemberLink eusocialSpecies ant),1253.1547121974595,0.0
2026-02-23 16:38:16.727090,(CausesLink envenomation ant),1203.9050764465137,0.0
2026-02-23 16:38:16.727095,beanpodborer,1314.3566029571793,4872.85715669645
2026-02-23 16:38:16.727098,ammonia,1316.59301352885,3644.0521514017455
2026-02-23 16:38:16.727102,arsenic,2040.5654146951965,3388.7131618140356
2026-02-23 16:38:16.727105,(SimilarityLink beanpodborer lindane),2506.2656554739574,0.0
2026-02-23 16:38:16.727111,aspirin,3162.638088508239,3151.2657931183576
2026-02-23 16:38:16.727118,plantVirusSyndrome,1100.3342048143597,0.0
2026-02-23 16:38:16.727121,fluvalinate,1098.8962013699102,0.0
2026-02-23 16:38:16.727125,acetamiprid,1091.334647837868,0.0
2026-02-23 16:38:16.736377,(SimilarityLink ant acetamiprid),1273.137662458301,0.0
2026-02-23 16:38:16.736408,(SimilarityLink aphid fluvalinate),1262.1872566952945,0.0
2026-02-23 16:38:16.736413,(CausesLink plantVirusSyndrome aphid),1263.1071931726872,0.0
2026-02-23 16:38:16.736416,(SimilarityLink aspirin dicofol),1265.0552354032957,0.0
2026-02-23 16:38:16.736420,arsenic,1224.3392488171176,3388.7131618140356
2026-02-23 16:38:16.736422,aconite,1247.1517962692226,4531.415714285287
2026-02-23 16:38:16.736424,beanpodborer,1394.752749785082,4872.85715669645
2026-02-23 16:38:16.736426,ant,1328.2104402431362,7007.007007007007
2026-02-23 16:38:16.736428,lindane,1657.186720941817,0.0
2026-02-23 16:38:16.736431,aspirin,1897.5828531049433,3151.2657931183576
2026-02-23 16:38:16.736433,(SimilarityLink beanpodborer lindane),1818.4163640323231,0.0
2026-02-23 16:38:16.736436,azoxystrobin,2941.031816040194,2930.4563781851393
2026-02-23 16:38:16.736439,envenomation,1124.038108749204,0.0
2026-02-23 16:38:16.736441,(MemberLink eusocialSpecies spider),1088.8805178568282,0.0
2026-02-23 16:38:16.736444,(MemberLink solventForm alcohol),1028.0191044854082,0.0
2026-02-23 16:38:16.736448,(CausesLink intoxication alcohol),1028.0191044854082,0.0
2026-02-23 16:38:16.736451,(SimilarityLink alcohol diazinon),1026.8258120212877,0.0
2026-02-23 16:38:16.737110,(SimilarityLink ant acetamiprid),1273.137662458301,0.0
2026-02-23 16:38:16.737119,(SimilarityLink aphid fluvalinate),1262.1872566952945,0.0
2026-02-23 16:38:16.737122,(CausesLink plantVirusSyndrome aphid),1263.1071931726872,0.0
2026-02-23 16:38:16.737126,(SimilarityLink aspirin dicofol),1265.0552354032957,0.0
2026-02-23 16:38:16.737129,arsenic,1224.3392488171176,3388.7131618140356
2026-02-23 16:38:16.737131,aconite,1247.1517962692226,4531.415714285287
2026-02-23 16:38:16.737133,beanpodborer,1394.752749785082,4872.85715669645
2026-02-23 16:38:16.737135,ant,1328.2104402431362,7007.007007007007
2026-02-23 16:38:16.737137,lindane,1657.186720941817,0.0
2026-02-23 16:38:16.737139,aspirin,1897.5828531049433,3151.2657931183576
2026-02-23 16:38:16.737141,(SimilarityLink beanpodborer lindane),1818.4163640323231,0.0
2026-02-23 16:38:16.737145,azoxystrobin,2941.031816040194,2930.4563781851393
2026-02-23 16:38:16.737147,envenomation,1124.038108749204,0.0
2026-02-23 16:38:16.737148,(MemberLink eusocialSpecies spider),1088.8805178568282,0.0
2026-02-23 16:38:16.737152,(MemberLink solventForm alcohol),1028.0191044854082,0.0
2026-02-23 16:38:16.737155,(CausesLink intoxication alcohol),1028.0191044854082,0.0
2026-02-23 16:38:16.737158,(SimilarityLink alcohol diazinon),1026.8258120212877,0.0
2026-02-23 16:38:16.738158,(SimilarityLink ant acetamiprid),1273.137662458301,0.0
2026-02-23 16:38:16.738176,(SimilarityLink aphid fluvalinate),1262.1872566952945,0.0
2026-02-23 16:38:16.738180,(CausesLink plantVirusSyndrome aphid),1263.1071931726872,0.0
2026-02-23 16:38:16.738184,(SimilarityLink aspirin dicofol),1265.0552354032957,0.0
2026-02-23 16:38:16.738188,arsenic,1224.3392488171176,3388.7131618140356
2026-02-23 16:38:16.738191,aconite,1247.1517962692226,4531.415714285287
2026-02-23 16:38:16.738193,beanpodborer,1394.752749785082,4872.85715669645
2026-02-23 16:38:16.738195,ant,1328.2104402431362,7007.007007007007
2026-02-23 16:38:16.738197,lindane,1657.186720941817,0.0
2026-02-23 16:38:16.738200,aspirin,1897.5828531049433,3151.2657931183576
2026-02-23 16:38:16.738202,(SimilarityLink beanpodborer lindane),1818.4163640323231,0.0
2026-02-23 16:38:16.738206,azoxystrobin,2941.031816040194,2930.4563781851393
2026-02-23 16:38:16.738208,envenomation,1124.038108749204,0.0
2026-02-23 16:38:16.738210,(MemberLink eusocialSpecies spider),1088.8805178568282,0.0
2026-02-23 16:38:16.738214,(MemberLink solventForm alcohol),1028.0191044854082,0.0
2026-02-23 16:38:16.738218,(CausesLink intoxication alcohol),1028.0191044854082,0.0
2026-02-23 16:38:16.738222,(SimilarityLink alcohol diazinon),1026.8258120212877,0.0
2026-02-23 16:38:16.738315,(SimilarityLink ant acetamiprid),1273.137662458301,0.0
2026-02-23 16:38:16.738334,(SimilarityLink aphid fluvalinate),1262.1872566952945,0.0
2026-02-23 16:38:16.738342,(CausesLink plantVirusSyndrome aphid),1263.1071931726872,0.0
2026-02-23 16:38:16.738350,(SimilarityLink aspirin dicofol),1265.0552354032957,0.0
2026-02-23 16:38:16.738357,arsenic,1224.3392488171176,3388.7131618140356
2026-02-23 16:38:16.738361,aconite,1247.1517962692226,4531.415714285287
2026-02-23 16:38:16.738365,beanpodborer,1394.752749785082,4872.85715669645
2026-02-23 16:38:16.738376,ant,1328.2104402431362,7007.007007007007
2026-02-23 16:38:16.738380,lindane,1657.186720941817,0.0
2026-02-23 16:38:16.738385,aspirin,1897.5828531049433,3151.2657931183576
2026-02-23 16:38:16.738389,(SimilarityLink beanpodborer lindane),1818.4163640323231,0.0
2026-02-23 16:38:16.738395,azoxystrobin,2941.031816040194,2930.4563781851393
2026-02-23 16:38:16.738399,envenomation,1124.038108749204,0.0
2026-02-23 16:38:16.738403,(MemberLink eusocialSpecies spider),1088.8805178568282,0.0
2026-02-23 16:38:16.738407,(MemberLink solventForm alcohol),1028.0191044854082,0.0
2026-02-23 16:38:16.738411,(CausesLink intoxication alcohol),1028.0191044854082,0.0
2026-02-23 16:38:16.738415,(SimilarityLink alcohol diazinon),1026.8258120212877,0.0
2026-02-23 16:38:16.736972,(SimilarityLink ant acetamiprid),1273.137662458301,0.0
2026-02-23 16:38:16.736995,(SimilarityLink aphid fluvalinate),1262.1872566952945,0.0
2026-02-23 16:38:16.737002,(CausesLink plantVirusSyndrome aphid),1263.1071931726872,0.0
2026-02-23 16:38:16.737008,(SimilarityLink aspirin dicofol),1265.0552354032957,0.0
2026-02-23 16:38:16.737013,arsenic,1224.3392488171176,3388.7131618140356
2026-02-23 16:38:16.737017,aconite,1247.1517962692226,4531.415714285287
2026-02-23 16:38:16.737020,beanpodborer,1394.752749785082,4872.85715669645
2026-02-23 16:38:16.737022,ant,1328.2104402431362,7007.007007007007
2026-02-23 16:38:16.737024,lindane,1657.186720941817,0.0
2026-02-23 16:38:16.737026,aspirin,1897.5828531049433,3151.2657931183576
2026-02-23 16:38:16.737033,(SimilarityLink beanpodborer lindane),1818.4163640323231,0.0
2026-02-23 16:38:16.737039,azoxystrobin,2941.031816040194,2930.4563781851393
2026-02-23 16:38:16.737042,envenomation,1124.038108749204,0.0
2026-02-23 16:38:16.737045,(MemberLink eusocialSpecies spider),1088.8805178568282,0.0
2026-02-23 16:38:16.737049,(MemberLink solventForm alcohol),1028.0191044854082,0.0
2026-02-23 16:38:16.737052,(CausesLink intoxication alcohol),1028.0191044854082,0.0
2026-02-23 16:38:16.737055,(SimilarityLink alcohol diazinon),1026.8258120212877,0.0
2026-02-23 16:38:16.738551,(SimilarityLink aphid fluvalinate),1261.8717098811208,0.0
2026-02-23 16:38:16.738562,(CausesLink plantVirusSyndrome aphid),1263.1071931726872,0.0
2026-02-23 16:38:16.738569,(SimilarityLink aspirin dicofol),1265.0552354032957,0.0
2026-02-23 16:38:16.738574,arsenic,1224.3392488171176,3388.7131618140356
2026-02-23 16:38:16.738577,aconite,1247.1517962692226,4531.415714285287
2026-02-23 16:38:16.738579,beanpodborer,1394.752749785082,4872.85715669645
2026-02-23 16:38:16.738583,ant,1581.7661373392566,7007.007007007007
2026-02-23 16:38:16.738587,lindane,1657.186720941817,0.0
2026-02-23 16:38:16.738590,aspirin,1897.5828531049433,3151.2657931183576
2026-02-23 16:38:16.738592,(SimilarityLink beanpodborer lindane),1818.4163640323231,0.0
2026-02-23 16:38:16.738595,azoxystrobin,2941.031816040194,2930.4563781851393
2026-02-23 16:38:16.738598,envenomation,1124.038108749204,0.0
2026-02-23 16:38:16.749298,eusocialSpecies,1210.8250617230983,0.0
2026-02-23 16:38:16.749311,(SimilarityLink azoxystrobin dinoseb),1176.4127264160777,0.0
2026-02-23 16:38:16.749318,(CausesLink envenomation ant),1382.3331856337109,0.0
2026-02-23 16:38:16.749323,aspirin,1290.3563401113613,3151.2657931183576
2026-02-23 16:38:16.749326,alcohol,1466.4812401950765,3918.6308926268503
2026-02-23 16:38:16.749328,beanpodborer,1444.411129785709,4872.85715669645
2026-02-23 16:38:16.749330,aphid,1530.692939807899,6516.025535044554
2026-02-23 16:38:16.749332,lindane,1601.8715124797498,0.0
2026-02-23 16:38:16.749334,(SimilarityLink aspirin dicofol),1619.2707013162183,0.0
2026-02-23 16:38:16.749337,azoxystrobin,1764.6190896241162,2930.4563781851393
2026-02-23 16:38:16.749339,(SimilarityLink beanpodborer lindane),1822.6784397439783,0.0
2026-02-23 16:38:16.749343,botulinum,2734.953510611952,2725.1190944284226
2026-02-23 16:38:16.749345,(MemberLink toxicPlantSpecies aconite),1103.1598263421897,0.0
2026-02-23 16:38:16.749348,(CausesLink poisoning aconite),1101.9756162385463,0.0
2026-02-23 16:38:16.749173,eusocialSpecies,1210.8250617230983,0.0
2026-02-23 16:38:16.749195,(SimilarityLink azoxystrobin dinoseb),1176.4127264160777,0.0
2026-02-23 16:38:16.749205,(CausesLink envenomation ant),1382.3331856337109,0.0
2026-02-23 16:38:16.749209,aspirin,1290.3563401113613,3151.2657931183576
2026-02-23 16:38:16.749211,alcohol,1466.4812401950765,3918.6308926268503
2026-02-23 16:38:16.749213,beanpodborer,1444.411129785709,4872.85715669645
2026-02-23 16:38:16.749215,aphid,1530.692939807899,6516.025535044554
2026-02-23 16:38:16.749217,lindane,1601.8715124797498,0.0
2026-02-23 16:38:16.749220,(SimilarityLink aspirin dicofol),1619.2707013162183,0.0
2026-02-23 16:38:16.749223,azoxystrobin,1764.6190896241162,2930.4563781851393
2026-02-23 16:38:16.749226,(SimilarityLink beanpodborer lindane),1822.6784397439783,0.0
2026-02-23 16:38:16.749229,botulinum,2734.953510611952,2725.1190944284226
2026-02-23 16:38:16.749231,(MemberLink toxicPlantSpecies aconite),1103.1598263421897,0.0
2026-02-23 16:38:16.749235,(CausesLink poisoning aconite),1101.9756162385463,0.0
2026-02-23 16:38:16.749849,eusocialSpecies,1210.8250617230983,0.0
2026-02-23 16:38:16.749858,(SimilarityLink azoxystrobin dinoseb),1176.4127264160777,0.0
2026-02-23 16:38:16.749864,(CausesLink envenomation ant),1382.3331856337109,0.0
2026-02-23 16:38:16.749867,aspirin,1290.3563401113613,3151.2657931183576
2026-02-23 16:38:16.749869,alcohol,1466.4812401950765,3918.6308926268503
2026-02-23 16:38:16.749871,beanpodborer,1444.411129785709,4872.85715669645
2026-02-23 16:38:16.749873,aphid,1530.692939807899,6516.025535044554
2026-02-23 16:38:16.749875,lindane,1601.8715124797498,0.0
2026-02-23 16:38:16.749877,(SimilarityLink aspirin dicofol),1619.2707013162183,0.0
2026-02-23 16:38:16.749881,azoxystrobin,1764.6190896241162,2930.4563781851393
2026-02-23 16:38:16.749883,(SimilarityLink beanpodborer lindane),1822.6784397439783,0.0
2026-02-23 16:38:16.749886,botulinum,2734.953510611952,2725.1190944284226
2026-02-23 16:38:16.749888,(MemberLink toxicPlantSpecies aconite),1103.1598263421897,0.0
2026-02-23 16:38:16.749891,(CausesLink poisoning aconite),1101.9756162385463,0.0
2026-02-23 16:38:16.749937,eusocialSpecies,1210.8250617230983,0.0
2026-02-23 16:38:16.749943,(SimilarityLink azoxystrobin dinoseb),1176.4127264160777,0.0
2026-02-23 16:38:16.749948,(CausesLink envenomation ant),1382.3331856337109,0.0
2026-02-23 16:38:16.749952,aspirin,1290.3563401113613,3151.2657931183576
2026-02-23 16:38:16.749954,alcohol,1466.4812401950765,3918.6308926268503
2026-02-23 16:38:16.749956,beanpodborer,1444.411129785709,4872.85715669645
2026-02-23 16:38:16.749958,aphid,1530.692939807899,6516.025535044554
2026-02-23 16:38:16.749960,lindane,1601.8715124797498,0.0
2026-02-23 16:38:16.749962,(SimilarityLink aspirin dicofol),1619.2707013162183,0.0
2026-02-23 16:38:16.749965,azoxystrobin,1764.6190896241162,2930.4563781851393
2026-02-23 16:38:16.749967,(SimilarityLink beanpodborer lindane),1822.6784397439783,0.0
2026-02-23 16:38:16.749970,botulinum,2734.953510611952,2725.1190944284226
2026-02-23 16:38:16.749972,(MemberLink toxicPlantSpecies aconite),1103.1598263421897,0.0
2026-02-23 16:38:16.749975,(CausesLink poisoning aconite),1101.9756162385463,0.0
2026-02-23 16:38:16.749758,eusocialSpecies,1210.8250617230983,0.0
2026-02-23 16:38:16.749767,(SimilarityLink azoxystrobin dinoseb),1176.4127264160777,0.0
2026-02-23 16:38:16.749773,(CausesLink envenomation ant),1382.3331856337109,0.0
2026-02-23 16:38:16.749777,aspirin,1290.3563401113613,3151.2657931183576
2026-02-23 16:38:16.749779,alcohol,1466.4812401950765,3918.6308926268503
2026-02-23 16:38:16.749781,beanpodborer,1444.411129785709,4872.85715669645
2026-02-23 16:38:16.749783,aphid,1530.692939807899,6516.025535044554
2026-02-23 16:38:16.749785,lindane,1601.8715124797498,0.0
2026-02-23 16:38:16.749787,(SimilarityLink aspirin dicofol),1619.2707013162183,0.0
2026-02-23 16:38:16.749790,azoxystrobin,1764.6190896241162,2930.4563781851393
2026-02-23 16:38:16.749792,(SimilarityLink beanpodborer lindane),1822.6784397439783,0.0
2026-02-23 16:38:16.749795,botulinum,2734.953510611952,2725.1190944284226
2026-02-23 16:38:16.749797,(MemberLink toxicPlantSpecies aconite),1103.1598263421897,0.0
2026-02-23 16:38:16.749801,(CausesLink poisoning aconite),1101.9756162385463,0.0
2026-02-23 16:38:16.750026,eusocialSpecies,1210.8250617230983,0.0
2026-02-23 16:38:16.750039,(SimilarityLink azoxystrobin dinoseb),1176.4127264160777,0.0
2026-02-23 16:38:16.750044,(CausesLink envenomation ant),1382.3331856337109,0.0
2026-02-23 16:38:16.750048,aspirin,1290.3563401113613,3151.2657931183576
2026-02-23 16:38:16.750050,alcohol,1466.4812401950765,3918.6308926268503
2026-02-23 16:38:16.750052,beanpodborer,1444.411129785709,4872.85715669645
2026-02-23 16:38:16.750053,aphid,1530.692939807899,6516.025535044554
2026-02-23 16:38:16.750055,lindane,1601.8715124797498,0.0
2026-02-23 16:38:16.750057,(SimilarityLink aspirin dicofol),1619.2707013162183,0.0
2026-02-23 16:38:16.750061,azoxystrobin,1764.6190896241162,2930.4563781851393
2026-02-23 16:38:16.750063,(SimilarityLink beanpodborer lindane),1822.6784397439783,0.0
2026-02-23 16:38:16.750066,botulinum,2734.953510611952,2725.1190944284226
2026-02-23 16:38:16.750068,(MemberLink toxicPlantSpecies aconite),1103.1598263421897,0.0
2026-02-23 16:38:16.750071,(CausesLink poisoning aconite),1101.9756162385463,0.0
